"lat","long","bal"
57.1376389,-2.0821391,630115.72714895
57.0940721,-2.1570501,1165050.78487098
57.1095285,-2.2405988,407077.566813678
57.1084471,-2.3004073,422503.283154219
57.1380894,-2.2205779,1110004.90153674
57.1645513,-2.1591366,590403.094142675
57.2398058,-2.2142191,608589.919609949
57.1902329,-2.1425239,846524.708135985
57.2418597,-2.0942272,386830.724799074
57.1684445,-2.0958216,138301.384495571
57.1539177,-2.120836,116999.058704823
56.8740141,-2.4806773,1043643.49020179
57.0308171,-2.5255662,975568.348029628
57.157886,-2.3723558,781869.255355559
57.2290889,-2.7567248,671203.833678737
57.0462318,-2.8580399,880242.187669501
57.011,-3.3685565,280696.651502512
57.1973003,-3.1483553,1185246.49352767
57.3060528,-3.314766,297583.645093255
57.4764746,-3.2902674,229876.731941476
56.968436,-2.2508745,1169914.27559406
57.3773035,-2.1051518,612317.542196251
57.1376389,-2.0821391,332626.766618341
57.0940721,-2.1570501,523471.270967275
57.1095285,-2.2405988,840706.118685193
57.1084471,-2.3004073,542925.660545006
57.1380894,-2.2205779,289925.021561794
57.1645513,-2.1591366,731233.587069437
57.2398058,-2.2142191,146856.143232435
57.1902329,-2.1425239,315402.450785041
57.2418597,-2.0942272,387417.816044763
57.1684445,-2.0958216,999834.308959544
57.1539177,-2.120836,486276.554316282
56.8740141,-2.4806773,957343.057356775
57.0308171,-2.5255662,390805.768338032
57.157886,-2.3723558,1130347.04935271
57.2290889,-2.7567248,589940.035180189
57.0462318,-2.8580399,632611.879217438
57.011,-3.3685565,480646.161315963
57.1973003,-3.1483553,485417.465446517
57.3060528,-3.314766,832039.538654499
57.4764746,-3.2902674,453032.061993144
56.968436,-2.2508745,503827.53345184
57.3773035,-2.1051518,229545.235773548
57.4927471,-1.9631967,556488.247239031
57.649728,-2.0664264,829287.641425617
57.6677365,-2.4845326,1058675.32517295
57.6408196,-2.5547908,320087.926345877
57.2804523,-2.4590768,675704.290647991
57.3219006,-2.64496,1033790.23778252
57.5074785,-2.4196794,262325.729709119
57.383558,-2.9258465,481400.348059833
57.4943025,-3.0305518,1079930.53756654
57.6445177,-2.909118,1005557.51090869
51.2431323,-0.5892474,489988.033799455
51.7409685,-0.3262943,622795.934882015
51.76227,-0.2432158,959132.234426215
51.714552,-0.343829,241655.101208016
51.7987274,-0.4165269,553391.109243967
51.7990887,-0.2971602,868841.224745847
51.820077,-0.3451342,722993.678390048
51.8415344,-0.2021797,1096306.52156193
51.7940409,-0.1839924,314874.272607267
51.7939798,-0.2196838,375194.680225104
51.735974,-0.2014148,684663.454210386
55.378051,-3.435973,268645.120318979
52.4778044,-1.9103284,344474.29862339
52.4667422,-1.8513081,1028616.6860722
52.4559915,-1.8568814,165384.497866035
52.4608207,-1.8886845,346457.548160106
52.4371068,-1.8713384,134064.130461775
52.4181254,-1.8920617,128942.104475573
52.4602131,-1.9264423,460410.136263818
52.4787019,-1.9371904,251772.545929998
52.4596973,-1.9579262,863725.692778826
52.4921752,-1.9286691,1104701.01356041
52.497911,-1.9038321,511998.607474379
52.47866,-1.8985683,1022317.60809664
52.5189238,-1.9242199,839955.151290633
52.5131818,-1.9490806,223992.11996235
52.5334055,-1.8526202,846633.681445383
52.5124726,-1.8260065,837199.572683312
52.4672289,-1.8198772,858883.109386079
52.4597643,-1.7848079,1190169.23205927
52.4485394,-1.8217919,523022.92753011
52.4268529,-1.8454991,1073661.54193878
52.435684,-1.9593783,599287.825170904
52.4832332,-1.9043983,657992.637297139
52.4254504,-1.9334663,169800.644763745
52.4035401,-1.9696929,1177485.83250213
52.4348406,-2.0097478,1145113.69650718
52.4784562,-1.7828695,209739.604429342
52.4944414,-1.7838999,1029888.50320689
52.5157605,-1.7852754,836125.571886078
52.5051946,-1.7782991,736213.549855165
52.4711635,-1.7352679,841818.791115656
52.3937229,-1.918677,871789.882611483
52.4860987,-1.8919867,114807.787211612
52.454148,-1.7138034,140430.686972104
52.5324039,-1.9156821,202770.189545117
52.5535276,-1.9297909,472102.230554447
52.5434724,-1.8911782,109506.355877966
52.3816255,-2.0058883,844021.98290918
52.5094571,-1.6685267,135094.756097533
52.3836857,-1.8802891,1128830.41184396
52.3561813,-1.9349156,908585.731103085
52.2082409,-1.8746639,990997.931174934
52.4646393,-1.8999689,896234.396542422
52.166191,-1.8469047,277989.597734995
52.5008273,-1.8882643,338142.517232336
52.3119718,-2.032254,511552.505800501
52.3536222,-2.0856724,659377.28122808
52.4178974,-2.0652745,143605.607980862
52.4550509,-2.0743675,653093.398734927
52.4737453,-2.072608,941052.820486948
52.4874466,-2.0514984,258648.129203357
52.4969866,-1.9605669,988312.558969483
52.4860163,-1.9787286,445819.604163989
52.4802654,-2.0035749,259895.408339798
52.4985366,-2.0270238,129299.392318353
52.4930837,-1.8719764,1045329.86937556
52.5200684,-2.0159485,778288.137493655
52.5313676,-1.9788136,827006.508852355
52.5472725,-1.8188425,165292.927483097
52.5547353,-1.8540499,280533.155426383
52.5865438,-1.8688289,804405.88966012
52.592953,-1.7997398,391025.449102744
52.5456013,-1.7525421,866895.531723276
52.6108987,-1.6683554,1199018.23420078
52.5940761,-1.7240729,1080592.35741384
52.6697317,-1.6655949,513374.8247521
52.4909608,-1.8371817,614834.185154177
52.2719517,-1.8789763,1120291.50885064
52.4773963,-1.8520211,584271.237161011
52.3951129,-1.8308304,704647.787613794
52.4171664,-1.7820632,1019271.96662873
52.4235064,-1.7134742,264841.550029814
52.3805644,-1.7358592,1109210.02011746
52.3368916,-1.8081999,145100.509375334
52.2734955,-1.7790881,265655.069099739
52.2490794,-1.9775254,332172.530516982
52.2915683,-1.980559,1031049.52478316
52.3140574,-1.9068983,967822.512914427
56.2301977,-3.4200939,1161378.09841894
51.4177828,-2.35883,977722.782432102
51.1233764,-2.406965,1176928.08164284
51.2186188,-2.3542505,1016782.66969975
51.1805454,-2.1568466,416376.536921598
51.2744319,-2.1762574,972217.646194622
51.316302,-2.1795205,134780.550934374
51.356817,-2.2558993,496145.452978089
51.1158841,-2.7476051,539998.755697161
51.3441808,-2.3648519,583681.974583305
50.9353825,-2.6510254,730704.661807977
50.9567412,-2.6287703,441346.062952653
51.0037307,-2.627107,234121.136926115
51.2574146,-2.5040667,511736.07991077
51.1738031,-2.4965893,834284.987160936
51.2123814,-2.6467714,959171.644435264
51.1384477,-2.6764363,957490.46462588
51.0839104,-2.5433042,429540.438065305
50.9977503,-2.4203858,1022192.38257967
51.0607815,-2.4015875,915833.832276985
51.2436239,-0.589074,1045013.68214842
53.7659565,-2.4614213,957994.839083403
53.7932695,-2.1712196,622570.742038079
53.7701223,-2.2489744,789642.804535106
53.8124878,-2.3056784,745500.646019354
53.9022668,-2.1532776,531317.992089316
53.7642932,-2.5412766,453841.038886458
53.6898596,-2.4678625,175105.321058072
53.7041075,-2.2965446,402739.924145862
53.7458905,-2.3797784,446665.069833398
53.8043049,-2.4448696,1173524.14478082
53.9289626,-2.4627718,888390.894769691
53.8593117,-2.1233087,445757.553959265
53.8573887,-2.2295482,837216.116348282
53.7974001,-1.7518675,618559.675849974
53.8386157,-1.7182623,1179315.52445516
53.7551392,-1.6703343,407768.591307104
53.7402265,-1.7646306,1130318.55158042
53.7928509,-1.8734899,744669.475592673
53.780053,-1.8231772,800691.129872575
53.8149563,-1.8486032,358885.588520207
53.8423895,-1.8306477,517059.638188221
53.8487059,-1.7716566,886017.359700054
53.8295651,-1.7803052,259688.216191716
53.7301464,-1.7114497,1109933.59435815
53.8165309,-1.7432142,782273.689634167
53.9165284,-1.9549527,1008703.16375513
53.8575438,-1.9043951,281458.92068278
53.839871,-1.9891857,528548.381011933
54.0239106,-2.0426816,455940.843210556
54.1177829,-2.2778525,991495.523997582
53.7977807,-1.7255633,1069537.4074392
53.7737025,-1.7010356,384492.892236449
53.7756102,-1.7570487,662366.768484935
53.7615209,-1.7923213,128206.664486788
53.7832102,-1.7937455,655956.749734469
53.8023403,-1.7851187,661260.511702858
53.8129936,-1.799,594741.966412403
54.889421,-1.4194769,455982.789513655
50.7296927,-1.8460414,734193.038078956
50.7627196,-1.8927394,978209.728607908
50.7621377,-1.9283478,605717.918369919
50.7413751,-1.9269216,626093.072327785
50.7076991,-1.9216451,668713.817838579
50.7202261,-1.9492141,645491.402712651
50.7300034,-1.9855431,173760.45465935
50.7338542,-2.0631563,387325.021182187
50.7511627,-1.9632533,766511.094640009
50.76094,-1.9996354,199989.503598772
50.6106779,-1.9830416,124202.158139087
50.7239372,-1.8812298,575918.092159554
50.6800556,-2.166288,704875.23553893
50.8495556,-1.9880539,909423.679579049
50.8201418,-1.8787664,241299.904789776
50.7702163,-1.7449483,565319.510689005
50.8533571,-1.7501277,449255.902785808
50.7610367,-1.661554,376741.581666283
50.7355887,-1.883494,1020427.27072258
50.8776148,-1.8647396,1162448.71288072
50.7236498,-1.8990035,343740.63606374
50.7247828,-1.8279441,429314.941214398
50.725423,-1.7865365,597278.257645667
50.7430849,-1.820246,269014.437822625
50.753095,-1.8446155,376467.94593893
50.7500757,-1.8711131,118308.976083063
51.6942476,0.0448916,1129327.53597852
53.6607979,-2.2929079,324964.286526665
53.5927523,-2.4458693,273096.815543249
53.5938189,-2.3930244,491635.388159193
53.5658589,-2.4368524,1177095.06547544
53.5450408,-2.3953647,483913.336787373
53.5531352,-2.5283397,360801.288322546
53.6127339,-2.527219,710966.170928441
53.6365545,-2.4232722,444800.736196339
53.621773,-2.3491438,1061375.95484033
53.6014128,-2.2813305,1106501.94061454
52.2067218,-0.888092,1166800.7952394
50.876786,-0.1262901,706366.983917542
50.7988283,0.0057172,104004.019219428
50.8112214,-0.3761193,872264.131694101
50.8187887,-0.4425852,1086278.82061992
50.8551767,-0.4489424,314783.115079626
50.8554222,-0.3795996,534591.521741822
50.8348175,-0.3101263,605471.74597159
50.8133808,-0.4944921,213755.803136155
50.8131761,-0.5407513,1060295.33785768
50.8753753,-0.5883622,233681.034203619
50.835201,-0.0802082,256429.658690467
50.7725939,0.2404989,1129849.4421877
50.7751229,0.2721087,356308.133923449
50.7958987,0.27806,1021659.52725336
50.7984335,0.3039703,1158210.09913925
50.8191682,0.3272329,380205.412767828
50.7727735,0.1258228,298970.288760029
50.8247162,0.1604935,870727.731683291
50.8660634,0.2989365,636242.040549405
50.835102,-0.172042,166780.343442224
50.861027,-0.2239844,119047.547061928
50.8401935,-0.2353247,136843.02335605
50.8557395,-0.2642498,1186644.41874716
50.9075812,-0.3456064,313671.480678022
50.8923171,-0.1896673,594075.619755313
50.9182076,-0.264839,1016723.56582712
50.9184116,-0.1495101,293575.737043284
50.8664429,-0.0229282,582792.712189257
50.8664249,0.068818,354944.700817578
50.7988171,0.0514799,827482.798392884
53.7190281,-2.0727839,973096.357216127
51.4152072,0.0292294,1048549.76241477
51.3784764,0.0350313,1190445.89120895
51.404711,-0.0292184,367081.733513623
51.373235,-0.0175092,769657.756574452
51.3941677,0.111083,658773.08670897
51.3574558,0.1050919,471171.203954145
51.4151862,0.0760335,1123818.60234309
51.3940802,0.1813729,286091.643734835
55.8281224,-3.2229404,329284.460190684
51.4521226,-2.5986163,192024.129605852
51.5223374,-2.6329947,1115291.96233023
51.5107228,-2.68139,1175003.77309043
51.4177038,-2.6108147,358931.562211365
51.408304,-2.5606851,317147.987871431
51.4620599,-2.504007,486347.338766791
51.4986567,-2.5134599,1060836.5430031
51.4526644,-2.5740038,936780.833080411
51.4721386,-2.7580983,790965.588297695
51.4284337,-2.8280061,638272.34278433
51.3787131,-2.928121,749899.433529936
51.335596,-2.9730822,1142012.12953776
51.3206769,-2.9405806,809592.238860205
51.3236987,-2.8174169,774250.360182486
51.2806621,-2.8623606,776976.885762997
51.2621037,-2.7620115,345277.825673111
51.2185407,-2.8314133,240207.277098671
51.338054,-2.874424,249080.785480328
51.4389455,-2.6004718,618518.414907157
51.4582347,-2.4359825,274050.082289614
51.3994047,-2.4861059,839780.168002471
51.5605982,-2.5685151,637534.784222953
51.5237032,-2.5712975,1004213.13727275
51.6020912,-2.5971293,532333.345152438
51.5206969,-2.4660986,586945.192073472
51.5539843,-2.3826965,825201.655831188
51.3298711,-2.5473671,1030130.58367651
51.4400242,-2.5512776,275477.791484445
51.3367703,-2.7078049,586767.818732187
51.4063964,-2.6467239,440602.608397603
51.4098057,-2.7272433,443533.843616024
51.3817256,-2.8047426,879177.905106917
51.4610013,-2.5531961,518874.495779164
51.4678568,-2.600082,1104851.05291009
51.4814469,-2.5797458,283695.933572017
51.4585405,-2.6640248,840500.20352006
51.4803544,-2.6290347,252320.213592611
54.1139393,-0.1235776,775049.754581414
54.8879475,-2.9066719,125710.803363472
54.5371476,-2.6283066,1108427.43779067
54.640986,-2.8871067,400952.172349207
54.6143266,-3.0782484,800599.114364013
54.6296191,-3.3305239,1146380.05278539
54.6249156,-3.4975503,230738.154775463
54.7254494,-3.4404425,546022.423077375
54.5630432,-2.4387099,328367.950115353
54.4776492,-2.3218874,926900.032302365
54.3605826,-3.3459317,774124.221876264
54.3997211,-3.3161723,165960.277593695
54.8756191,-2.9612323,100312.876957469
54.4531638,-3.3643231,196060.998993926
54.4431743,-3.5227725,826618.573162705
54.4831948,-3.4653516,110247.905203141
54.5089343,-3.3295776,258190.676313825
54.5163876,-3.5497487,189755.422901362
54.5200318,-3.5188491,213963.930611499
54.5487592,-3.4737616,460998.595156707
54.49331,-3.5885443,141220.811079256
54.5463381,-3.5571733,642388.998251408
54.9149121,-2.9305668,359966.796357185
54.8177257,-2.8503529,825403.004232794
54.8576042,-3.0221528,853374.839597382
55.0388463,-2.8177322,821076.103998348
54.7867572,-3.2098362,795498.936413787
54.9759745,-2.6714006,527299.845637754
54.7833833,-2.4034644,585891.093616374
54.1139393,-0.1235776,409706.035163254
54.5332366,-1.5526529,423349.918751046
52.18581,0.1624862,140474.665025249
52.0423183,0.3117989,595292.91591607
52.0002413,0.1673923,703771.418239921
52.1752371,0.1262838,587136.593530886
52.1271345,0.3127525,133438.394474797
52.1274285,0.1681604,1036030.22799361
52.2124688,-0.0240614,433090.577181429
52.2974767,0.0724411,1040764.91221786
52.2546738,0.265726,400863.995985128
52.2071261,0.0902733,454042.418533936
52.2283248,0.1385926,454092.029551975
52.2176534,0.1747439,653931.334917434
52.4250336,0.218646,630690.228869207
52.3822101,0.3156422,659839.983680286
52.2115803,0.4591647,942340.896488167
52.084242,0.4570633,521297.450037673
51.5869273,-0.664987,960055.203177035
51.4697688,-3.1649216,1044061.84016261
51.4662209,-3.1988419,1105933.69447161
51.523732,-3.2117018,293025.892414153
51.5375736,-3.2821957,762522.724736482
51.5200057,-3.1550044,185322.218574584
51.4888699,-3.1390018,196497.86290247
51.5270715,-3.0870975,1185796.9192788
51.5869273,-0.664987,201299.982890487
51.5128717,-3.5870424,462853.175983764
51.5548236,-3.5924461,1033883.98666866
51.5307289,-3.6902922,505506.031750701
51.6061375,-3.6370058,984308.59122891
51.5361212,-3.5144359,344076.272565871
51.4934453,-3.7042838,455322.331166826
51.6252313,-3.3491553,825980.538851582
51.5629334,-3.3165599,947645.579185337
51.5861231,-3.4262322,930114.703183062
51.6165211,-3.4678001,812998.917419463
51.6476652,-3.4843096,661713.881627657
51.6621134,-3.5303677,1102088.16737868
51.6690563,-3.4743485,768414.485873654
51.7368513,-3.5018276,685973.567259498
51.6875768,-3.3819022,848200.402758084
51.6686904,-3.3039769,966738.470923156
51.7459792,-3.3700353,105669.063865207
51.8240499,-3.4112184,878531.300718896
51.4797122,-3.2816463,1005829.26957868
51.4103655,-3.4986221,1020397.44961075
51.4147309,-3.3489549,1049758.66265595
51.41212,-3.2549869,679601.852362975
51.418895,-3.1996523,755250.936374068
51.4537392,-3.4538763,312495.751772076
51.5282224,-3.4254035,444403.367326595
51.7325065,-3.2863158,624614.937417209
51.6544927,-3.2456698,566868.853406049
51.5867134,-3.2189674,588384.59874969
51.5869273,-0.664987,527215.353725478
51.5476665,-0.3374555,352061.039232649
53.2142574,-2.9372378,1065739.14792389
53.23831,-2.8343287,898226.967081428
56.0084485,-3.6933271,702432.288532145
53.1639696,-2.7872692,1038012.74478901
56.0088015,-3.6942998,246296.677342616
56.0071505,-3.6941077,482621.650095098
56.0039682,-3.6874281,967829.623143189
53.7853798,-0.3790552,604455.291875638
53.149121,-2.9565969,292791.289184242
53.3904,-3.0159166,667324.721626937
53.3712915,-3.0237732,595741.40124023
53.386442,-3.0653204,344188.499031588
53.4140646,-3.0417988,420995.212392882
53.4328479,-3.0472136,337564.150243998
53.4095773,-3.1111772,261501.132696867
53.3947999,-3.1594391,703793.719341047
53.3758568,-3.1605843,169298.527180217
53.3772482,-3.1075085,1060597.47443069
53.2116196,-3.0425418,719447.927782312
53.2466898,-3.1457324,823057.247512043
53.323397,-3.1014099,1111838.10429648
53.3449328,-3.103847,915164.699614979
53.326756,-2.9691705,640402.204613201
53.3414167,-3.0304293,774307.823646814
53.2761533,-3.0497047,230798.920569941
53.2853114,-2.8985986,950531.271239743
53.2840203,-2.9513243,769127.938500606
53.1534039,-3.2077498,184019.563044421
53.2705615,-3.2613288,401099.225413054
50.8313213,-0.2081867,1110179.89916727
51.6590603,0.8804341,153585.432306863
51.746003,0.4038116,694699.935498647
51.6298458,0.4615507,378152.450360358
51.614249,0.4078425,1082542.2576163
51.5881411,0.3422736,1078267.12231617
51.6515548,0.2481751,521075.35386458
51.6514453,0.2955896,543331.500887871
51.7044506,0.1182442,985202.103061602
51.77825,0.1541817,786136.515415274
51.7519268,0.1006606,925221.039447933
51.7625089,0.0532851,412921.295361593
51.7140479,0.4868068,518956.423737109
51.7835853,0.1007751,1187979.2767344
51.8205098,0.1306277,367897.165752947
51.8414911,0.2260204,1014686.26579735
51.8838772,0.1547678,106991.878617555
51.9049501,0.202641,1110425.28555263
51.7876327,0.5479525,1087379.25260793
51.6722402,0.390851,1138288.01314812
51.746291,0.3084989,1154903.85070443
51.872866,0.3577569,377482.294011861
51.9571397,0.4549777,334779.691742733
51.8824019,0.6099566,327128.230687231
51.8188853,0.6325859,169760.760944337
51.7550021,0.7271118,123677.006200887
53.7098559,-1.3435888,741703.612264246
51.8884065,0.9089022,936646.752944216
52.0617124,0.7230329,1194333.2567811
51.9211941,1.0952073,904582.881298847
51.920001,1.2169925,101797.018758953
51.8354661,1.2133003,1123830.60408756
51.8508623,1.2565769,429592.7797677
51.7990639,1.1570916,630927.575845271
51.8361935,1.1404173,687884.174240753
51.8594148,0.8988837,111707.155057229
51.8862362,0.8453011,710743.039799854
51.9438034,0.9258838,1132087.15273067
51.8288155,0.7410838,468273.445870727
51.9133581,0.7433388,1013975.25572684
51.9115844,0.9854658,457864.269707352
51.9714264,0.7630539,309939.127159305
51.9990692,0.5521327,229280.955623835
53.4807593,-2.2426305,267905.966681428
51.3627294,-0.0642075,693215.912533924
51.3417486,-0.0758339,838097.175420262
51.2893506,-0.0640392,1138173.10107406
51.4046085,-0.1579909,664297.342603095
51.2997553,-0.1457222,967353.698564693
51.3155647,-0.011648,853859.481518157
51.3967939,-0.1081666,475041.062873788
51.3312364,-0.1108331,361823.459132574
52.5680966,-1.823399,988244.941364974
51.273851,1.0879152,948656.444624066
51.3645725,1.4267043,150305.111543275
51.3332716,1.4131079,539544.589002617
51.3289431,1.3349779,732644.339487888
51.2870393,1.3329781,964065.523049794
51.2239611,1.3538442,287302.354699932
51.1937681,1.2451768,695371.885923669
51.1565959,1.2970268,648387.834639288
51.1252482,1.2955748,572844.774276018
51.1216843,1.1352757,1134961.65210381
51.0926422,1.1666422,819716.707244515
51.289939,1.0469061,119861.029763706
51.0770981,1.1541648,631163.859949447
51.0807856,1.0391095,1093851.10361036
51.2779842,1.201216,787250.57777483
51.1951943,1.1026541,495994.336926378
51.3528165,1.0492639,369887.741166167
53.4640407,-3.0095171,1006825.0143202
51.3521557,1.1207947,699374.00938943
51.3509552,1.2402324,205607.006652281
51.376185,1.3312388,836019.122065045
51.3756315,1.3792175,620544.214663096
52.4103366,-1.5063179,902012.659353204
52.5328059,-1.5192674,354531.830921769
52.5124147,-1.4430334,280331.012816168
52.4856859,-1.4478893,354866.178147495
52.6302593,-1.4115209,213063.720893115
52.432411,-1.4451049,1067048.19451552
52.3865548,-1.2624385,565484.061953612
52.3437212,-1.2852774,262350.250547752
52.3323951,-1.3467531,676873.857714236
52.3895143,-1.4677859,790864.048432559
52.2720596,-1.4988188,1175236.24775931
52.3198148,-1.5076236,1181346.01493366
52.2347995,-1.5030073,457539.31903746
52.2763228,-1.5798447,282480.168715119
52.2018129,-1.5880136,978258.979786187
52.0634573,-1.6171746,141213.640919887
52.157278,-1.7343582,148634.405503981
52.3988812,-1.5681095,948621.745826676
52.2043059,-1.3899716,502857.675915584
52.4252492,-1.5883606,265283.426851965
52.4422855,-1.5080572,244426.146522164
52.4681909,-1.5657801,678662.604000419
52.34044,-1.5585727,1061128.10797058
52.5965039,-1.5479104,1068813.05512507
51.4852661,-0.182817,792218.400514685
53.1174089,-2.455914,621674.202685244
53.1824378,-2.4356256,1159476.0730397
53.1409981,-2.3538279,659971.352852881
53.1649916,-2.2258112,562487.672432326
53.0700002,-2.4061907,534529.903088696
53.0116125,-2.3686873,634274.567873217
53.2055195,-2.3593621,996381.276892498
53.0397789,-2.5660202,1116116.85105599
53.1675328,-2.6303107,638723.088055849
53.1802638,-2.5399291,930984.887667
53.2547264,-2.5861712,554250.634531491
53.2569465,-2.4815152,772575.174714439
51.6588946,-1.9529625,1041138.92684691
51.4622528,0.2229666,723904.961696826
51.4489309,0.3081716,317069.024429657
51.435698,0.3462995,837796.064582653
51.4197412,0.4109048,888452.925253659
51.3779202,0.3632225,465046.772733331
51.4256443,0.1229294,379618.116118945
51.4440441,0.0966245,1134439.0969025
51.4676744,0.0996398,980904.599814676
51.4912551,0.1555423,1052833.19272567
51.4965318,0.1379345,852653.496619314
51.4254384,0.2520488,813459.365046583
51.3833479,0.2986373,1032322.63887767
51.3782714,0.2222972,1161652.39056572
51.4361017,0.1581691,1040372.34368734
51.4545056,0.1377271,557404.812378809
51.4676393,0.134856,1110715.65139573
51.4780997,0.1701618,519436.52681075
51.4463858,0.2757693,106216.258741915
51.7103486,-4.9950978,353971.945098601
56.4617751,-2.9687003,631371.249561198
56.738112,-2.5271728,527764.572924934
56.6011523,-2.6322239,587876.795697957
56.4891814,-3.1089452,1063661.24413908
56.5137374,-3.0227595,1095853.29915863
56.5158614,-2.9340424,435688.37386556
56.5063934,-2.8589809,526451.730984263
56.4026562,-2.9805087,625194.269441999
56.4975347,-2.7545973,159980.845917016
56.7507203,-2.9753168,818231.126852334
56.8459509,-2.7464963,130840.403912589
55.378051,-3.435973,395495.126838796
52.9213305,-1.4740889,1084193.25852301
52.7678382,-1.532248,1007905.23253381
52.724387,-1.580361,265925.441938452
52.7973446,-1.7241058,328712.821565568
52.803688,-1.6546591,589078.00919842
52.78824,-1.6093604,662102.362071164
52.9405272,-1.4401814,194966.404349543
52.9395815,-1.5163811,1157252.18341686
52.9021291,-1.5079717,428073.752205819
52.8920403,-1.4566685,866233.659372665
52.9014751,-1.5587539,1067267.32566021
53.1428316,-1.5917196,1055225.89944303
53.2275075,-1.6996678,1134571.41881809
53.0484838,-1.394867,728929.699305445
53.1129717,-1.3981406,131422.431021929
53.0257662,-1.4956261,597805.042052642
52.991363,-1.6595777,278557.758079842
52.8739177,-1.6143683,387471.818132326
52.9628815,-1.3651482,1086280.2720163
52.8985249,-1.3619632,892282.224725932
52.8330279,-1.4598815,311185.467639007
52.8345109,-1.3335463,283212.180621922
53.0114034,-1.348489,711163.511918858
52.7246978,-1.1091728,814007.859700359
55.0637215,-3.5549886,635651.325806975
55.3329994,-3.4187768,931727.507035248
55.1353742,-3.3652448,637114.084162749
54.9942677,-3.2769968,1039215.63890763
55.2523472,-3.1236678,1185151.20283701
55.0895321,-3.0060134,957116.547832265
54.9994001,-3.0803076,444927.318091504
55.0375153,-3.6937381,215621.250355616
55.2064002,-3.9467688,1130572.15665467
55.4057433,-3.9472873,429495.415836573
54.9250643,-3.7634619,666493.580653332
54.8396758,-4.0211188,703713.846695609
55.0228612,-4.1489138,830682.471510954
54.9186611,-4.5918712,312075.496069156
54.2184594,-1.430921,836970.411869697
54.7860332,-1.5681816,131437.176512554
54.8516137,-1.5992624,529956.844798289
54.8577278,-1.5519116,817397.865769453
54.8529961,-1.4903639,757797.29031492
54.8259258,-1.45489,1165846.29940335
54.7431257,-1.4843076,531325.788190588
54.7953775,-1.69126,177321.738819592
54.8352156,-1.9674294,1006607.70798568
54.8721185,-1.70975,596479.559107684
54.5450602,-1.5273185,246203.299309127
54.4445964,-1.6694614,343409.95203238
54.4397035,-1.9929486,933512.260508724
54.5477562,-2.0824858,549028.064706363
54.7249622,-1.9867356,359397.524734959
54.652122,-1.7230006,304877.985548228
54.7179439,-1.7272033,260069.151013158
54.697491,-1.6172774,391963.428165764
54.6766019,-1.5347654,849677.764461376
54.5759637,-1.677581,897389.629948884
54.5499338,-1.5747605,791956.683807075
54.6257447,-1.6468204,607754.455436952
54.6101114,-1.5850236,899354.5883568
54.4048522,-1.3455286,671517.905662768
54.3592387,-1.5035059,734968.900494277
54.287194,-1.9548699,117158.74329675
54.3726818,-1.7254551,614719.531754963
53.3759686,-2.7020213,329800.890688784
53.5284644,-1.1318534,484850.426879711
53.4194291,-0.9255087,447095.054015517
53.4395087,-1.1057019,562717.678677291
53.4761314,-1.2295066,1088417.2714781
53.668524,-0.8952564,934016.629587859
53.6701673,-0.6379464,821323.384344578
53.5727689,-0.6228897,670774.410385638
53.5935194,-0.7771607,799600.980081595
53.6601985,-0.4455826,256385.538750328
53.6822088,-0.343676,752742.973365821
53.5314384,-1.102975,862277.712952346
53.5842401,-0.482611,387773.785670288
53.4320019,-0.6578789,365068.910783157
53.3443447,-0.8592358,321565.955993719
53.5266616,-1.0319695,599604.784068651
53.5797504,-0.1075467,524986.028857529
53.5581326,-0.0695086,208776.497794315
53.5364757,-0.0947327,488637.601793744
53.5580926,-0.1201188,623004.276724532
53.547328,-0.0315708,1134559.8614309
53.4986559,-0.0252103,819759.485661052
53.5309542,-0.1896007,168476.727697998
53.5413201,-0.3800403,211028.245161287
53.6172039,-0.3428602,411997.882509604
53.5096926,-1.1149768,230989.019945264
53.6391141,-0.2412295,863003.403204493
53.5742362,-0.1899006,159680.27471099
53.5353886,-1.2515519,840902.420366183
53.6120427,-1.1644176,528271.831991151
53.5701513,-1.0078423,595763.323805295
53.6140728,-0.9321095,866619.306686334
53.4953561,-0.88961,816298.868018202
50.7108063,-2.4496731,1015413.13878261
50.926581,-2.3298156,780446.434603073
50.8664952,-2.2047189,869563.707429916
50.7776108,-2.485573,896790.865040384
50.6627645,-2.5113697,549890.899239108
50.6064412,-2.4764381,1065662.08715085
50.54511,-2.4352604,158992.007281631
50.7497875,-2.7965005,1187578.55815347
50.7355548,-2.9524359,240579.846734181
50.8339696,-2.7564206,125888.344203122
50.9439122,-2.5003623,563721.146783791
51.7526428,-3.4031434,379074.900224805
52.5185307,-2.1044733,339627.968799323
52.3730741,-2.1880767,975849.732733332
52.3981227,-2.2722887,836217.045970261
52.3914489,-2.3414061,464849.383337423
52.3286394,-2.2855417,624436.954525299
52.3987138,-2.5070965,1165890.1263494
52.4974397,-2.0902071,204968.561790884
52.5282802,-2.1559505,828135.525435209
52.530078,-2.054663,692287.351284176
52.4861103,-2.1273307,385209.720185958
52.5012891,-2.1728671,807599.560497329
52.4785653,-2.2471686,349769.650073722
52.4534706,-2.1627847,444976.515485905
52.4170076,-2.1157088,955845.353822224
55.378051,-3.435973,999337.484990247
51.5176228,-0.0557553,683943.805424497
51.564961,-0.0205688,1033829.01339792
51.5728525,0.0176348,732717.921980657
51.5518012,0.0528839,917913.740151562
51.5307753,0.0293506,126637.009903789
51.5097502,-0.017595,186820.208700374
51.541295,0.0058709,240800.192626193
51.5097478,0.0293285,791311.084921472
51.5833731,-0.029406,538031.381624751
51.5912671,0.0264721,496044.835122302
51.5057942,-0.0601343,880279.11875397
51.528134,-0.0616512,871364.915953018
51.5439236,-0.01468,462844.90248654
51.5307753,-0.0293506,510379.835404456
51.6307499,-0.0117803,646766.646904871
51.559692,-0.0499585,1083877.60503683
51.5202466,0.0645707,1075484.75856893
51.5518094,0.0293728,229536.191886291
51.5412774,-0.0646194,857240.632199682
51.5439183,-0.0381773,639126.885379665
51.5837802,-1.4735352,828620.956442319
51.5182488,-0.1020248,509772.406169213
51.5208772,-0.1020344,1184012.49158196
51.5195564,-0.1093781,261794.733256102
51.5267869,-0.1072012,134577.499120496
51.5267946,-0.0983812,329752.00728979
51.5235142,-0.0917564,1126363.2720802
51.5241774,-0.0836768,209717.044653371
51.5182638,-0.0829246,1173344.2671597
51.5156334,-0.0858545,532764.159655198
51.5156313,-0.0887924,1195848.65649231
51.5156278,-0.0931996,893857.934861444
51.5189138,-0.0924759,235997.729445808
51.5143235,-0.0799755,227527.155028656
51.5116933,-0.0829051,493084.272323176
51.5103833,-0.0770274,528827.444044873
51.5090653,-0.0828973,465586.831001565
51.5130052,-0.0858464,197751.130745746
51.5156153,-0.1078931,950386.273232289
51.5143089,-0.0990718,711660.427064635
51.5126737,-0.0898846,1104875.58578607
51.5103739,-0.0902444,1192591.02842771
51.5116795,-0.1005316,943083.891575225
51.511673,-0.1078778,241688.160365447
55.9573939,-3.1872616,217040.901700966
55.8997335,-3.20764,950666.32614471
55.9227229,-3.286962,869009.132892825
55.9414874,-3.3148403,715639.507467858
55.8874848,-3.2498317,1008063.63015436
55.8568052,-3.3552723,729343.420523219
55.946788,-3.1113278,768697.383953258
55.923453,-3.1522496,407280.16376961
55.901599,-3.1351147,609292.960190214
55.8766955,-3.1285466,1063300.14711712
55.8690054,-3.1022329,522866.176720709
55.9521777,-3.2003059,903180.593182333
55.8786406,-3.1614719,929275.014414452
55.9317423,-3.0441244,455809.317296371
55.8872907,-3.0390359,494153.090915643
55.8199397,-3.0603022,454598.032380454
55.8460627,-3.1285716,588648.079312406
55.8560564,-3.1733124,493070.605583489
55.8262245,-3.2496168,419864.145619795
55.8322021,-3.4395844,168669.450958259
55.928398,-3.3862459,1178832.34366309
55.9617346,-3.3905002,931993.287242949
55.9583598,-3.2037863,909825.676423497
55.9839658,-3.3933413,259741.503465921
56.0400661,-2.8271611,1023775.85091162
55.9803908,-2.8752294,685282.110702246
55.9338563,-2.9572169,932771.392189898
55.9136722,-2.8680157,984746.455261484
55.9062409,-2.9468956,1148172.39849363
55.8476676,-2.832019,100950.339110568
55.8449631,-2.9473433,912012.160127051
55.7547695,-2.9950663,1154211.84299048
56.0167382,-2.7484694,619442.925462499
55.964883,-3.2739219,400841.218256392
56.007196,-2.6750206,943225.176190026
55.9277424,-2.7392726,1192965.07148538
55.9759567,-2.570698,953380.33135049
55.621734,-2.980154,266918.659862131
55.619618,-3.0661273,889560.840371996
55.6717148,-3.2019295,722765.078465454
55.7343725,-3.3543754,1189454.27450817
55.8476676,-3.6754607,110631.321766414
55.9035986,-3.6685303,1097154.01360299
55.9843642,-3.5767703,737442.221050151
55.9771516,-3.2316068,684200.505889021
56.011514,-3.6024987,652619.079477154
55.9424242,-3.4831704,911519.416817464
55.8926461,-3.4693386,286816.801782697
55.8963347,-3.5356497,652262.350986712
55.8165359,-3.5980607,1028365.79221766
55.9786619,-3.1733994,281746.459798887
55.9594845,-3.1601736,753741.782507859
55.9483678,-3.1588508,557018.365990371
55.9309486,-3.1859102,763403.292838484
57.1496557,-2.0922706,148564.836313017
51.6570659,-0.0648882,672291.767573915
51.741413,-0.0414076,256697.21479062
51.7625196,-0.0177552,1106395.13300266
51.6728408,-0.1062862,907977.40034759
51.6570801,-0.0294839,290019.771340303
51.6569759,-0.1594261,183235.394861549
51.6516023,-0.2244849,870000.733970664
51.699096,-0.1833664,593197.001703084
51.7150246,-0.0827721,182867.040601559
51.699235,-0.0295285,300213.568168692
51.7045076,0.0236258,568887.54395768
53.7869781,-1.5530687,507814.604090527
50.7288649,-3.4786714,629857.770446688
50.7071176,-3.2409459,902784.322784282
50.7472065,-3.294399,651834.787335247
50.705724,-3.1009039,462850.154610351
50.7864899,-2.9942516,1136856.51116539
50.8228537,-3.19323,1153450.188227
50.8602831,-3.3445079,339111.08369939
50.9160692,-3.572931,427229.192666709
50.8268558,-3.7588644,1181389.38497286
50.8850711,-3.8906383,520500.500500202
50.8709382,-4.0004326,579072.773014195
50.6986439,-3.5330692,1162765.65589942
50.7340941,-4.0428288,630512.650124729
50.7486802,-4.2187076,639750.937162898
50.8260453,-4.3802052,929019.811446778
50.8637142,-4.4863657,245490.941312164
50.7411882,-3.1352413,179481.084202416
50.6854842,-3.4519003,606280.028028414
51.1763278,-3.9313612,893793.969694525
51.0821502,-3.930637,442128.938785754
51.1259991,-4.1752518,814085.207832977
51.1811837,-4.0953568,450765.76762367
51.2129488,-3.7735312,767947.688931599
51.0146091,-3.7592861,180743.8359363
50.9664892,-3.9517806,912405.401980504
50.9280117,-4.1582891,1017569.01126355
50.9901274,-4.4562974,903114.176238887
50.7378266,-3.6116528,318715.407350101
50.8159298,-3.4373061,557274.50940758
50.68415,-3.6660797,1060021.7651343
50.596647,-3.4714589,1156746.02256622
50.6401621,-3.4036352,722932.215710171
50.6422639,-3.3307797,434184.794058092
53.6883458,-1.5822275,692030.997597612
55.9444722,-3.7918652,1020343.18833612
56.1134592,-3.7420604,108163.343998604
56.1721862,-3.8320147,665927.727124654
56.179345,-3.7810703,216299.182572402
56.1637674,-3.7417645,1146835.71876958
56.1721987,-3.6466243,194608.987425454
56.2522109,-3.9554785,1069416.58733413
56.2154361,-4.0544124,982972.074649297
56.2402782,-4.3128419,559630.753984675
56.3197912,-4.280702,654570.220038295
56.3378768,-4.4041849,417356.936610304
56.0458287,-3.7620543,1194808.37127194
56.4098936,-4.5828306,411476.766923442
56.4631719,-4.3494402,925934.55533497
56.0084754,-3.7051562,231864.386890084
55.9910175,-3.9092563,340029.360703193
56.026663,-3.8405698,685829.79706116
56.0171494,-3.9649074,579549.062298611
56.0847884,-3.9453607,663328.392221592
56.1682368,-4.4509693,807930.250931531
56.1515319,-3.9553193,1172735.87929085
53.8122136,-3.049316,1142676.11303367
53.845072,-3.0394874,766746.226488613
53.8240691,-3.0101688,1167195.01980115
53.7915591,-3.0065836,745797.369629145
53.8782826,-3.0161599,480512.213590555
53.9069114,-2.958491,192111.676954664
53.9104891,-3.0332569,778100.244281814
53.7538154,-2.9957029,976290.267007425
55.378051,-3.435973,106328.867585398
55.8585849,-4.245605,497830.644296482
55.8729126,-4.3145332,633248.537685722
55.8802935,-4.3027657,282561.497366987
55.8953732,-4.3497043,770428.436016664
55.8787407,-4.3469806,608786.409534514
55.9085827,-4.3704275,425513.217505068
55.8636201,-4.2612065,814283.371460624
55.8918968,-4.2898241,935138.1090004
55.8804501,-4.2176503,468451.113742776
55.8905285,-4.248863,1178199.87905677
55.9116913,-4.2819012,292447.843519039
55.8641758,-4.2853487,522189.226187766
55.8556267,-4.2100151,626530.717895366
55.8486865,-4.16829,629599.86240603
55.8824511,-4.1588065,283234.491199255
55.8699452,-4.1162283,1156435.55307761
55.8709949,-4.2494388,308072.18500413
55.8440369,-4.2229563,955167.812434956
55.8335643,-4.2841111,719330.078852363
55.8319405,-4.2505862,1170180.96705433
55.8190708,-4.300254,639712.715777569
55.8095226,-4.2543866,152579.530607909
55.8018455,-4.2347054,901186.817628331
55.7992959,-4.3081378,768945.067934692
55.8432784,-4.2450077,475539.484480396
55.8626302,-4.3295277,1194659.71621685
55.8531466,-4.3613133,848029.52343598
55.8199009,-4.3558598,526824.864838272
55.9304926,-4.4595499,624104.116321541
55.9212377,-4.3279601,921367.151266895
55.9608484,-4.3121292,615694.855269976
56.0602633,-4.3432517,1030528.09494548
55.9195258,-4.2164533,393708.349298686
55.991088,-4.0794572,399819.807079621
55.9659232,-4.164491,156092.16648154
55.9442441,-3.9761767,213027.726416476
55.9539157,-4.0219693,214802.804938518
55.9013075,-4.0952261,854761.47250738
55.818376,-4.0750982,1091221.0437702
55.810632,-4.1402102,875976.713490672
55.8250165,-4.2088597,727156.262216158
55.7701159,-4.185445,389489.824604243
55.7200338,-4.1849271,1178439.75438736
55.7170119,-4.27274,858063.541934825
55.7582009,-4.3679151,409005.015832372
55.7771794,-4.459784,262396.033434197
55.9577134,-4.400846,758941.863244399
55.9523374,-4.5489288,607870.948757045
56.1477187,-4.7029418,991450.239508413
56.0449041,-4.7597438,534756.649518386
53.4713442,-2.2930569,470005.01784496
53.3051584,-4.6278085,388580.207829364
51.8574043,-2.2408605,630824.07261245
51.7350531,-2.2867033,1006560.62276103
51.6914607,-2.3573346,1086824.98156559
51.6273212,-2.4013319,830164.882866666
51.689438,-2.4562677,173268.273519352
51.8045526,-2.5038131,403683.165833354
51.7180985,-2.5955195,501855.37005309
51.8126626,-2.6168425,790734.010539018
51.8575626,-2.4961058,1107420.6484016
51.9436083,-2.4287772,896884.787571616
51.9785486,-2.2693599,1112758.59309826
51.8508101,-2.3086655,588364.290469326
52.0245283,-2.0735227,506073.66731856
51.8639588,-2.173111,1166255.03997784
51.8203507,-2.2440798,899892.755225301
51.7360022,-2.23729,259772.503213026
51.9000125,-2.0797502,912580.437003635
51.9071074,-2.1268088,203114.902973175
51.9507001,-2.055605,1021627.55529862
51.8450596,-2.0478111,1088109.35390648
51.8794159,-1.8896197,936377.819464542
52.0613331,-1.7655365,618636.939721182
51.9877769,-1.7238046,653166.979178786
51.7692328,-2.1533641,1167130.14389388
51.7090195,-1.9763301,642139.204149134
51.6316362,-2.1796656,574947.677319869
51.5662054,-2.2975017,1044135.34044288
51.2461619,-0.5550501,901159.156835638
51.1869764,-0.8302778,1093889.16005846
51.2554371,-0.7673223,769306.717137806
51.2557362,-0.7201191,122478.750045411
51.2921312,-0.7624183,950870.212889276
51.3394789,-0.7341133,608262.721798383
51.3081086,-0.7214692,415162.698039785
51.3179682,-0.816403,487491.459655575
51.347714,-0.6722152,938623.109948821
51.3710833,-0.7112522,445731.758698821
51.2459898,-0.5903183,528127.263998613
51.3713604,-0.6639097,617008.679918945
51.3193734,-0.5800787,721857.349248603
51.3090073,-0.556299,1069669.28038746
51.2936274,-0.4795293,150912.249065004
51.3347579,-0.6453197,211639.64800071
51.4032743,-0.581823,546257.905289531
51.1090973,-0.7515744,102127.446676604
51.072729,-0.7212858,497467.072703876
50.9897941,-0.6257485,743330.831732601
50.9889615,-0.7659016,336311.184102669
51.2509462,-0.6433881,237071.154499426
51.0617555,-0.8030924,987609.426444396
50.9879582,-0.9064501,640773.277520202
51.0183774,-1.0132506,425541.639467701
51.061074,-0.8970579,840183.784253895
51.1335202,-0.9819824,258218.919765204
51.1240852,-0.8519577,558482.260722667
51.2567934,-0.5200016,896694.7424924
51.3388484,-0.8288699,988883.205410093
51.3495782,-0.793613,529401.744203642
51.2098654,-0.4780953,291946.906619705
51.2863691,-0.8391526,1161162.50650957
51.2655067,-0.8266982,867638.565227389
51.1471148,-0.4770244,827885.484183207
51.1882843,-0.618454,196359.605807811
51.1150457,-0.6285529,655135.935777798
51.223878,-0.790053,1069783.84901304
56.8516622,-2.2513113,1186512.06404902
51.561918,-0.312378,598948.073689826
51.5828963,-0.3362885,780951.419123448
51.5749251,-0.3628336,670395.786478184
51.6039465,-0.3365424,696669.199177995
51.566868,-0.4130763,1089333.97312649
51.5932755,-0.383817,822179.989679717
51.6141643,-0.4315896,1059281.2430812
51.6145395,-0.3129679,965086.013241671
51.6146286,-0.2774368,957496.321178041
51.5619784,-0.2887325,924223.859957419
54.6282101,-1.878113,1039515.42640571
53.6449968,-1.7879712,562094.963551499
53.6750191,-1.7735387,415552.464174107
53.6523749,-1.8376338,797134.297480807
53.6206894,-1.7831095,449474.229989573
53.6539336,-1.7328694,492987.109185196
53.7075191,-1.775649,851443.689735606
53.6023354,-1.9194703,128938.540141098
53.5842312,-1.6827597,218846.236728132
53.5713128,-1.8256556,716958.521492779
54.8348617,-1.4813225,520912.494231015
54.0042871,-1.5302175,850263.009127229
53.9825321,-1.528996,321866.533346474
54.1144197,-1.8356804,199027.73515787
54.1825004,-1.6534164,354064.186499454
54.0216671,-1.4453397,266975.693567656
51.5010211,-2.5539831,834633.62143375
51.7562367,-0.4875446,225202.592997812
51.6023858,-0.6932927,817271.861922927
51.6204981,-0.7445294,429289.25275337
51.622838,-0.7894506,913246.602332219
51.6337535,-0.7299337,457629.002374597
51.6487906,-0.8441205,418530.647084117
51.6654264,-0.7187934,353419.014555402
51.7129619,-0.7020402,542878.275411204
51.7751249,-0.8720555,880709.578027017
51.8270513,-0.9824765,222403.586981818
51.8229325,-0.8313162,965430.435724556
51.798452,-0.4882842,463456.836505793
51.8205216,-0.7980853,496961.602848023
51.8019832,-0.8065892,285953.870951198
51.8391447,-0.7775157,1119422.09706176
51.7976374,-0.6561164,453710.002149455
51.7120158,-0.8460376,493558.686599135
51.713841,-0.5345571,155733.524565585
51.777022,-0.5597196,355886.313109659
51.7134937,-0.6062677,1013393.16356461
51.6870466,-0.6236212,1089896.96586505
51.6501375,-0.6287657,1003865.78100733
51.645203,-0.5630387,612003.620807081
51.6080171,-0.6278166,1026926.01673771
52.0559107,-2.6272461,846268.428466283
51.9666701,-2.8201319,140591.649059206
52.0872408,-3.0862464,914377.333852462
52.1359441,-2.8373798,768920.981208794
52.1706025,-3.146605,718383.278208785
52.2219471,-2.7953253,573206.253163517
52.1852313,-2.5383599,958389.49570898
52.0591669,-2.4765772,270471.370103769
51.8867953,-2.6113034,473157.639801502
52.9885279,-0.0105272,454180.177487433
53.4769037,-2.1521277,562368.461233564
53.740503,-0.3396108,673590.921005234
53.7523314,-0.4535017,638173.03981632
53.8453264,-0.1789853,217087.462404743
53.7152007,-0.0762689,520048.63882903
53.7306375,-0.4531418,762150.411470793
53.730433,-0.5044426,632777.749723755
53.7569077,-0.6399743,1011989.61946648
53.7904275,-0.4220244,653337.828023359
53.8446703,-0.435731,680327.435047366
53.9159708,-0.1730299,339379.404555075
53.7043759,0.0381054,1008004.08192445
53.7513508,-0.3397456,321417.016652413
53.7900226,-0.5248382,753014.426236041
53.7417886,-0.3636274,968364.039226435
53.7308199,-0.4018898,190334.939071909
53.7634057,-0.3895482,947346.703708172
53.78515,-0.3770302,263904.226617888
53.7961186,-0.3387001,461727.563664317
53.7745453,-0.2872081,1021807.0920324
53.7528744,-0.2741922,178922.252287157
51.484089,-3.172231,530806.016689166
53.7196181,-1.8717628,683161.858771928
53.7539586,-1.9301476,399090.903881006
53.7339236,-1.8233891,249586.395686492
53.6732166,-1.8915835,731023.081578314
53.6850641,-1.8266978,430295.644141734
53.6553814,-1.9889514,564457.857096568
53.784518,-2.0512858,707049.762574024
51.2438769,-0.1147308,587172.502209432
51.5623078,0.0764353,263607.658981346
51.6518016,0.0589745,276346.327108331
51.5307365,0.0998652,541442.174138501
51.5754491,0.0911912,956351.734930649
51.5649178,0.1029315,578153.045638464
51.5807353,0.0499962,739316.224772483
51.5912538,0.0617908,198682.715673931
51.5938682,0.0883052,1184760.52032784
51.6254424,0.1002048,618929.162132554
51.6044204,0.0412045,194410.71213223
51.6254779,0.0412357,674884.1190245
53.826617,-1.5668755,148197.923973203
52.0744043,1.131861,490754.925319925
52.0253008,1.2706121,610315.701109357
51.9770602,1.3234959,606475.344696082
52.0764392,1.4328298,883693.39031633
52.2263905,1.3168986,310150.157683529
52.2074109,1.0942569,903760.211286135
52.164754,1.5796978,490493.398136459
52.2125944,1.5762181,157081.222813576
52.2455776,1.4911851,988807.292794809
52.3390857,1.6582897,991643.598955125
52.3306067,1.4957663,609126.352332532
52.0426181,1.1305666,1073383.53127707
52.4070301,1.337947,959506.739256904
52.3334807,1.2476366,988562.882202677
52.3783926,1.0021784,965976.603329182
52.2919437,1.1469397,660090.965381823
52.4228176,0.7571099,575677.603948861
52.5931409,0.8113286,1065131.24539051
52.5091896,0.5623825,120567.698194645
52.4239095,0.5606525,1088998.93695489
52.3389534,0.5100835,353578.423312865
52.1681954,0.6527516,558191.817533225
52.042017,1.1917262,746904.612192884
52.2094246,0.8490745,449780.563241802
52.2944358,0.8516812,904933.606996201
52.247382,0.733996,816165.499365889
52.2396164,0.7002013,219062.029430643
52.0632053,1.1926355,280752.368015237
52.0627003,1.2416512,1131063.65166605
52.1220523,1.1399375,1192918.03082451
52.0813661,0.9426773,348739.29284513
52.0698401,1.052167,1021466.24310408
51.994908,1.1347319,808847.001497634
57.5213555,-4.2539751,462255.295179784
57.6098876,-4.1505284,1037291.28553532
57.6522104,-4.0707764,360947.770252824
57.5411662,-3.8111148,528396.046627313
57.2824623,-4.1139961,191117.51371529
57.6302613,-4.5483673,689437.112025917
57.6228853,-4.4363745,925624.565803446
57.6895124,-4.4795153,724560.141796246
57.7724577,-4.3827307,408449.375093915
57.7336344,-4.1862477,223378.87105532
57.8240948,-4.2009522,1115656.89363051
57.3448424,-4.2797196,269192.293426022
57.7996923,-3.8966999,249056.230322458
57.7727927,-4.9888095,724594.429531135
57.8822133,-4.4971471,326984.718907624
57.918763,-4.0892256,337359.488243237
58.197097,-4.6173152,1008457.29382709
58.0763838,-4.1463479,262583.04817602
57.4564269,-4.3295064,1104670.97321525
57.6221315,-3.3553886,484708.197205327
57.703335,-3.2880884,1114817.28451326
57.6284449,-3.1081431,310487.311147153
57.5484051,-3.5630394,567936.595040374
57.412098,-4.919708,444219.588069245
57.4649944,-4.4094053,162006.624927744
57.5354528,-4.6580484,723224.946763366
57.2133297,-4.7882016,1107505.97473234
57.6046518,-4.3070647,156689.562718384
57.5605748,-4.2682827,526299.94621966
57.5685736,-4.1988683,684076.033602469
55.9492166,-3.1925457,498966.079601087
55.5759659,-4.4850031,1047267.5670404
55.5484432,-4.62746,202185.211749747
55.615817,-4.6096498,850913.185277022
55.6188429,-4.6766226,402276.691026054
55.6821379,-4.6211426,267453.357414342
55.7386743,-4.671754,584559.132019058
55.7496139,-4.6032207,807987.524871714
55.6264638,-4.3169689,914283.047127537
55.6285044,-4.2585644,334713.563951664
55.4672236,-4.1017538,724044.978292659
55.3372705,-4.6348621,1115695.95097098
55.5895667,-4.5682679,1144202.05540955
55.6386863,-4.7392798,658866.357686929
55.6596473,-4.7726431,575864.98237215
55.6695502,-4.8040759,1134163.33107743
55.6963162,-4.8311845,1116840.41402768
55.7218809,-4.746692,181286.205374636
55.7789029,-4.7122662,350267.194746993
55.1776632,-4.7528279,107781.109400094
55.7649659,-4.9256282,349234.399828129
55.7457849,-4.8476177,808750.057080761
55.6549311,-4.4540814,895139.954797924
55.8302353,-4.8257325,122437.066258863
55.5801834,-4.3681667,1135574.02151637
55.5244319,-4.3736963,392607.797705568
55.3437488,-4.4607519,421448.086225428
55.4116099,-4.7211233,1078087.27901429
55.4740869,-4.6109117,273700.415878557
55.5053895,-4.5906,923823.565756902
51.5880679,-0.1163116,151854.916545562
51.4069509,-0.3018292,547841.166169383
51.362204,-0.3571413,1189376.7460715
51.3148518,-0.4093653,536722.12655656
51.3777653,-0.4102879,1022263.79450876
51.3566137,-0.457055,148802.267294377
51.3381334,-0.489124,954610.414756462
51.3564209,-0.5041751,146332.866046578
51.3771861,-0.551754,323777.57341601
51.3415288,-0.2395757,867321.500810795
51.2995252,-0.2743236,793580.680596642
51.3519376,-0.2748385,517743.810871616
51.4174912,-0.2843022,919410.51245667
51.2734458,-0.2214651,906610.373710282
51.3203977,-0.3096881,549506.933055818
51.3150762,-0.3389428,104194.02460102
51.2782787,-0.3795122,427827.262994833
51.2728591,-0.4322136,877839.220012538
51.3939505,-0.2517649,890995.215950534
51.3755958,-0.2486664,581836.836924776
51.3912536,-0.2840353,738166.719605215
51.3833175,-0.3103861,392324.537737295
51.3858676,-0.3368629,759839.034429751
51.4015556,-0.3547024,844414.660800248
51.35185,-0.3100368,243968.556611799
53.7997406,-1.6726563,1115624.44658484
58.4913497,-3.2142964,396345.519111492
58.0005892,-4.022633,888907.150854357
58.2620791,-4.047779,333009.603084065
58.3646095,-3.6778684,311779.721616767
58.428183,-3.8480633,119539.626524784
58.5230701,-3.7330741,287044.736836106
58.9891302,-3.0010786,834164.818609133
58.8566262,-3.2608206,575169.598823413
59.0887273,-3.1599466,957813.513139263
58.3495619,-3.172631,544179.33919467
58.3514296,-3.3241799,257432.516734116
58.3379624,-3.4021713,1078322.70590588
58.2553435,-3.5026474,472832.746501081
58.2063415,-3.6233104,657063.635787927
58.155367,-3.8072426,727802.071627229
58.048908,-3.9346091,360922.420374118
56.1528569,-3.1282651,944474.326749332
56.2523699,-2.6998906,875964.421825483
56.0560519,-3.4099206,960090.350173414
56.0865555,-3.5168795,265330.444206484
56.221849,-3.4757011,139728.924911469
56.306691,-3.2351181,1009263.60662561
56.3219695,-3.0745535,404100.817372091
56.3275684,-2.8396667,307040.052395314
56.1060571,-3.2106767,592957.968218252
56.065758,-3.2570747,656853.532651439
56.1459063,-3.3920344,1181159.45325699
56.1375416,-3.2879602,823576.395376585
56.2166996,-3.2535869,617882.358562201
56.1974325,-3.1335377,528965.181484818
56.2355553,-2.9470432,357359.047606587
56.2267926,-2.8435001,988559.195701964
55.378051,-3.435973,483659.210265614
53.399397,-2.9803698,1167775.90950951
53.4685146,-2.9180384,104356.719809584
53.4469382,-2.9157402,573768.310318701
53.4367948,-2.8881009,183811.809238978
53.4170385,-2.9225153,586113.419779576
53.4180022,-2.8828036,738412.099587731
53.3954771,-2.9202164,121930.872881785
53.39628,-2.8871475,999810.151290148
53.3708233,-2.93416,211951.607046649
53.382246,-2.9088635,857422.710862011
53.3580809,-2.902989,553479.394968599
53.4066219,-2.9886293,696203.132160008
53.4449727,-2.9953113,476984.830433503
53.4745549,-3.0018792,254451.896133833
53.4738854,-3.0284549,634428.632818162
53.4982488,-3.0278166,461366.15392752
53.3407334,-2.8383196,451793.614169583
53.3724267,-2.8680806,423685.421817936
53.362594,-2.8273542,644338.553468697
53.3866083,-2.8397628,342238.483577967
53.435964,-2.8664438,207796.184159815
53.510045,-2.9891026,566328.779770993
53.4154018,-2.9887565,561069.220979698
53.4887894,-2.9734594,536637.750407681
53.5165955,-2.9431547,586563.081433997
53.4799492,-2.8926557,599942.387780175
53.4913801,-2.867264,586292.444029823
53.4488483,-2.8362683,839516.181871295
53.4177316,-2.7800564,197008.415334858
53.4161775,-2.8461429,639074.138505384
53.5571225,-3.0543935,896876.998129301
53.5306332,-3.0314018,1059169.89278048
53.5604448,-2.9211854,1060690.05492609
53.4377915,-2.9579552,1083125.68515539
53.6055924,-2.8458879,757413.65631111
53.4265143,-2.9766741,1125291.73535295
53.4217796,-2.9495839,209363.706083968
53.4056074,-2.9478433,937774.379597977
53.3891119,-2.9593397,1007946.54623605
53.4678647,-2.9445719,337001.924565993
57.0333333,-4.0166667,426395.537680946
54.0470372,-2.7906972,727634.306903929
54.2996336,-2.4694063,920894.260355271
54.2014441,-2.9497315,455338.803632185
54.2858996,-3.0685686,699516.173242591
54.1137543,-3.1788354,1039629.12526913
54.1231809,-3.2346391,983641.299768351
54.1576333,-3.1702879,995643.967785873
54.1895672,-3.2014213,622188.479010947
54.2507321,-3.1605852,846379.934484139
54.247068,-3.2975545,131962.74258662
54.2891383,-3.3578096,1154780.00794537
54.0112881,-2.685728,944750.649109483
54.3266794,-3.183211,699562.199949287
54.3731633,-3.0784596,262548.150890507
54.461913,-3.0333548,106372.354924679
54.3884861,-2.9014592,315862.435358576
54.0398567,-2.8644478,481042.895023711
54.0671995,-2.8605455,451733.835437335
54.1505538,-2.7945465,484599.931538105
54.1877639,-2.5946545,419833.303638734
54.2389485,-2.7491539,604983.580694534
54.2925274,-2.7955382,258537.653530948
54.3268131,-2.7307506,404817.275237292
52.179786,-0.0809652,672556.623723358
52.271699,-3.3378942,1144925.343059
52.1211856,-3.3966381,701851.970213465
51.9302295,-3.3988075,1197712.74835803
52.0728204,-3.5957636,1151233.89160726
52.1542684,-3.7094621,923965.780064464
52.2845863,-3.6233421,121933.55106283
52.3828018,-3.1708021,845838.628173806
52.2580864,-3.0541394,964387.407526374
52.5202311,-2.0171239,809996.064612642
52.6359132,-1.1331746,203985.206549987
52.5135882,-1.3431081,684197.91017659
52.7713505,-1.2298175,291801.585908979
52.8041014,-1.1683784,176051.383838058
52.7690615,-0.8851493,230392.10930001
52.7642002,-0.8163684,218135.502748191
52.6577264,-0.7387556,426547.212828882
52.5074181,-0.8582561,1154284.77879614
52.4622509,-1.1540133,834877.117956057
52.5747735,-1.1026402,809993.570833467
52.5951563,-1.2032614,652513.103978708
52.6017499,-1.072559,1193917.14499798
52.6273204,-1.1921613,962595.592485741
52.6653878,-1.1250082,464864.697144367
52.6390783,-1.0802471,603207.531757653
52.6643982,-1.2250628,1187316.25801884
52.7687903,-1.456486,311266.471282579
52.7163476,-1.3655779,400201.347609982
52.6347536,-0.9616959,1042658.45920891
52.5489211,-1.008372,324638.85769248
52.5886944,-1.3092142,329245.280427858
53.0806932,-3.1070226,789594.91152782
53.1055093,-2.9781963,259517.425741069
53.031364,-2.9308546,110382.880968973
52.9748086,-3.0426428,405160.770076327
53.1075774,-3.3081279,996781.49477113
53.1460046,-3.471954,746504.415315576
53.2438408,-3.4443657,1075241.51406251
53.2868528,-3.4497708,1053031.38273302
53.3369885,-3.3959576,464951.371145435
52.9389098,-3.1828244,1107068.67261324
52.9744385,-3.4503513,960549.929575063
53.2271735,-3.6423695,1142156.93776496
52.8619593,-3.6206784,1068992.63462983
53.0076713,-3.7727002,504556.995234452
53.035962,-3.8965042,842271.868558601
53.1268382,-3.7490487,780157.396197319
53.144899,-3.8584443,327694.67968028
53.2556858,-3.7666907,718117.56612733
53.2788567,-3.7162261,132013.585511595
53.3133249,-3.821662,1095349.63490441
53.2898787,-3.7948875,526730.558392592
53.2307791,-3.8705373,229674.938158132
53.2272609,-3.9775014,161565.785878338
53.2565465,-3.9077701,300520.899496041
52.5545294,-4.0193987,391111.856745556
52.6128426,-4.0344895,258433.902892284
52.6596464,-4.0743629,1168292.60047525
52.6901875,-4.0425121,980095.051787794
52.6947432,-3.9870177,649838.455510326
52.7904165,-3.8486736,911753.156431951
52.9169195,-3.9195329,824101.164424792
52.7749605,-3.9920143,883492.767740972
52.8009781,-4.0156757,560360.050061718
52.7876,-4.0933188,1033371.39505893
52.8381282,-4.0277364,523674.80811663
52.857686,-4.0837893,1189959.67162773
52.9022412,-4.0371279,1134417.83306189
52.96641,-4.0465556,207706.102821976
52.9422798,-4.1230595,1119396.42447978
52.9822715,-4.209346,686864.773300476
52.9324884,-4.2485356,539028.872037306
52.8962101,-4.5040799,973745.512240566
53.0343593,-4.2575942,571136.465109885
53.0828253,-4.1039487,1097207.28704706
53.1846873,-4.1966573,962865.145248361
53.172245,-4.0098047,588164.259516634
53.2871615,-4.1211149,317738.052085042
53.2638083,-4.1716177,691537.80634515
53.216092,-4.29939,1007199.94045794
53.1670899,-4.3119629,1016382.77503662
53.2121628,-4.4070154,655247.091944329
53.2316169,-4.4643814,822555.719758384
53.2270302,-4.5145227,1125595.41065712
53.2837609,-4.5136737,388715.7516554
53.3798916,-4.4000184,994248.967128806
53.4096382,-4.4730112,441101.162414998
53.3870044,-4.3535048,734842.341649346
53.3828546,-4.3188343,743883.557640947
53.3730742,-4.290108,100753.381522372
53.3215163,-4.3702688,691068.205214106
53.3530157,-4.2462458,912656.507384963
53.333842,-4.2534448,625026.534427889
53.3212443,-4.2277725,749815.23512397
53.278265,-4.2211471,500358.893303201
53.2992742,-4.2379244,649087.180267088
53.2805072,-4.3095031,1172452.73764711
53.3198053,-4.2682119,706680.968310684
53.2810574,-0.6289515,972688.734065741
53.1532325,-0.2244927,1164578.26250698
53.3474199,0.0501554,913598.211621866
53.3364022,0.2385791,1100364.23194688
53.2825832,0.1753437,1118829.32854351
53.2924898,-0.4901276,877182.199480012
53.2712982,-0.388908,293098.163604736
53.1099644,-0.3240739,684556.495747529
53.1090204,-0.5747437,1127653.9857965
53.1838904,-0.6645782,264838.643907569
53.4872856,-0.3666036,301956.777181476
53.3471666,-0.2512651,458582.140295766
53.239532,-0.1249883,845008.555450477
52.3353276,-3.4873744,489089.56872765
53.7961049,-1.5497251,309232.047409751
53.7651486,-1.5299562,690799.301443622
53.7756584,-1.556758,807849.767198786
53.785815,-1.6098209,340228.544687852
53.8180104,-1.6380126,1159237.25930043
53.8422412,-1.4424141,452043.400076218
53.8098332,-1.4276066,360141.473589465
53.8674804,-1.5948988,1190543.03129669
53.8902235,-1.5172498,944890.088937245
53.850574,-1.6399683,765528.498520143
53.8608864,-1.6801125,230632.876674645
53.8055355,-1.5551816,646474.202955142
53.8709969,-1.7334986,507992.488122545
53.9205355,-1.6903959,1180408.49815588
53.9352769,-1.3881653,491347.844945267
53.8921068,-1.3597305,428671.042411588
53.8822437,-1.2675371,493843.689677306
53.7948232,-1.3156976,276114.312163554
53.7392464,-1.4304519,615490.857115947
53.736927,-1.6134941,852770.551340654
53.8066156,-1.6767744,768278.564023785
53.9296724,-1.8100228,682789.531676099
53.8013175,-1.5664236,635404.933150858
53.8105323,-1.5882903,630742.208939046
53.8264613,-1.6155065,703469.286020845
53.8188871,-1.572357,1037018.6781045
53.8193955,-1.532999,326101.325359195
53.8305812,-1.5073744,774212.184897624
53.7980233,-1.5055776,895096.567855217
51.8621011,-0.4174763,551791.037572548
51.8833989,-0.3698672,1042984.37645193
51.9307128,-0.4485373,1009812.852717
51.9094179,-0.4842269,239123.706356622
51.9304166,-0.520679,411788.796912879
51.8615038,-0.5614207,572456.276929006
51.9136524,-0.6950494,921591.319656
55.378051,-3.435973,367429.466266185
53.4751092,-2.2346931,510192.552767694
53.4842359,-2.179623,285950.550949201
53.4649184,-2.2010457,334133.931761608
53.4644337,-2.2272576,406533.989286982
53.4508777,-2.2294364,602032.719482668
53.4640662,-2.246924,661173.966783099
53.4528996,-2.2657036,1154482.79003613
53.4707236,-2.3230574,591141.158272512
53.4628759,-2.1648096,422333.347867243
53.43805,-2.1923338,711841.567326337
53.479665,-2.2440977,713081.89118281
53.4182552,-2.2398926,209774.718130939
53.4393451,-2.2678646,145685.198018327
53.3853994,-2.2634052,1120408.84990711
53.3956872,-2.2904732,782791.063911282
53.5541091,-2.2049362,972344.364086166
53.5367934,-2.2627769,526514.577446505
53.5568912,-2.3435785,364904.469647445
53.5139236,-2.3267251,869145.079585724
53.5068302,-2.4118092,169356.583035551
53.5004927,-2.4574355,251764.742145315
53.4855393,-2.2552584,828938.45573999
53.4804893,-2.3765494,908522.215415724
53.4259965,-2.3981252,859012.753120624
53.4493866,-2.3081056,1192681.60534557
53.4272933,-2.3325131,920809.350977652
53.4527824,-2.1247029,1182139.38451372
53.5063143,-2.1551139,596781.808882952
53.5308036,-2.4304305,975330.219650641
53.4847112,-2.2272649,1115223.72108884
53.5029592,-2.190966,971891.93230588
53.4481029,-2.3737411,562709.745299071
53.48471,-2.1534144,530088.126892224
53.4415196,-2.4323941,881196.490908042
53.5442101,-2.2996312,265159.147931263
53.5212762,-2.4989499,271162.196365185
53.4796425,-2.2810639,421634.921431541
53.4739926,-2.2937409,1140873.94459639
53.4930793,-2.2854722,1171197.97461201
53.4303809,-2.2991292,927417.149953544
53.6237022,-2.5849906,391204.594238661
53.5016168,-2.2631597,951944.872410968
53.504872,-2.2338358,180832.850304432
53.5242058,-2.2123921,578854.380501434
53.3608264,-2.2777418,397734.692925587
54.803477,-1.590907,1049166.74443521
51.3513003,0.4746307,761958.479858004
51.3499634,0.7343888,1045462.26863749
51.4128309,0.7479111,389684.969419613
51.3964896,0.8365233,412899.641203694
51.2809167,0.8685892,139228.327106684
51.2932053,0.5736471,427213.134337217
51.2463747,0.5080649,822986.798058264
51.2778897,0.4851337,342788.836080581
51.2405412,0.6313781,962251.682998613
51.2519989,0.4084461,899208.588432521
51.2938941,0.4090585,202895.076223649
51.3567029,0.4335119,367300.662840717
51.3093687,0.4739192,193866.704334505
51.450714,0.5413719,674805.476493202
51.3799304,0.5252476,465729.445614852
51.3406151,0.521563,1194344.65665836
51.3304683,0.4389847,944768.449268304
51.3508814,0.5689316,573072.088509798
51.3559779,0.5985497,675320.277595893
51.313526,0.6920641,174050.80308672
51.9865424,-0.6855403,506698.702066205
52.0060793,-0.7246155,1027244.2152258
52.0433329,-0.695268,985186.500614509
52.0529807,-0.8412624,197630.166704766
52.0558214,-0.8139845,534801.446623169
52.0559863,-0.7896783,158656.737022102
52.0667436,-0.7656755,180738.538480364
52.0564508,-0.7168281,427774.332230911
52.0935861,-0.7117118,489744.170522317
51.9877859,-0.6848056,1164641.13099501
51.9538905,-0.9869661,402837.643050589
52.0927912,-0.8333338,1191036.10268794
51.9928259,-0.7272976,795888.311718591
51.9926742,-0.7515198,638545.343349688
52.0003978,-0.7850682,588581.308419816
52.1424044,-0.5004216,609885.396272875
52.1584465,-0.470404,806744.279782288
52.1107278,-0.4635474,385338.399140164
52.126247,-0.5546661,466225.431580096
52.2117587,-0.4106337,698096.111090854
52.0418483,-0.4563664,347290.122089908
52.1572306,-0.7133451,165011.460823007
52.0242848,-0.7766406,564616.674999706
52.0245184,-0.7402529,476823.996147141
52.0168511,-0.6946057,917762.632295489
52.0659048,-0.7912428,1024028.98140717
52.0320873,-0.7981068,444148.851768114
52.0429604,-0.7559155,438811.243348755
52.5904992,-2.1271847,104249.801812693
55.8173588,-3.9351838,769650.398939848
55.6671554,-4.1032891,685777.266859077
55.563162,-3.8832533,619601.37814749
55.4851814,-3.524758,230483.014299534
55.7748702,-3.8702483,446161.706000566
55.7470739,-4.0421581,936082.673515193
55.8203023,-4.0165014,283782.250038348
55.8588731,-4.0297036,826952.632516623
55.8964051,-3.9027091,1134638.23453058
55.821943,-3.7890757,406148.946145549
55.7323639,-3.8055693,1101729.90681604
55.7056185,-3.9479651,757233.644486405
55.378051,-3.435973,691145.262145437
51.5412621,-0.0881388,536581.657407805
51.5964443,-0.1443287,253811.401082203
51.6148633,-0.147376,1178575.83477162
51.6174503,-0.1798758,1096541.49000999
51.6175426,-0.1031259,231440.708739683
51.6359382,-0.1356719,865387.138258666
51.5833519,-0.076493,334253.934351727
51.5623078,-0.0764353,140875.049121678
51.5965133,-0.0676926,739927.858882584
51.6123071,-0.0618375,405395.900132135
51.5648883,-0.1323808,526178.685342893
51.5372851,-0.1248931,284981.375699863
54.3738635,-1.7084258,778972.668224014
51.5937773,-0.1708687,217169.965594076
51.6332271,-0.1918028,981551.778153516
51.6359737,-0.1002426,625602.933950722
51.6017398,-0.1148607,804653.696576133
51.60164,-0.1915857,422001.003450714
51.5728114,-0.1000159,329551.884136163
51.5544028,-0.0970072,155708.883353509
51.5753887,-0.1501155,104262.811364606
51.554381,-0.1205535,789313.542703167
51.5833118,-0.1236257,306900.034262799
51.6254672,-0.0648147,1171285.47970206
55.378051,-3.435973,365168.649400584
54.9753348,-1.6100477,210712.190857157
54.9459037,-1.5433284,862677.317182533
54.917237,-1.6305044,1021730.773733
55.0228072,-1.5614525,753212.327859364
55.0489893,-1.6659956,1051417.28832386
55.0033783,-1.7730856,999704.767158255
54.9164926,-1.6851849,349394.93087586
54.914521,-1.822099,282430.658349767
55.0462065,-1.8586172,549059.736495838
55.228878,-2.1637113,713642.075634561
54.9863451,-1.6107063,906935.571529903
55.0586556,-1.7629537,1156084.66116246
54.9543321,-1.73555,338987.152324989
55.1326828,-1.5953865,702683.906676248
55.0721282,-1.5849255,728951.069689356
55.1169315,-1.532542,735446.284920909
55.0567209,-1.4948256,1160418.98971889
55.0680754,-1.46803,336466.812621802
55.0343434,-1.5209884,498674.441128969
55.0012963,-1.5191215,1077047.16436565
55.0128152,-1.478701,432760.535995476
55.0108956,-1.629325,552750.955079682
55.0243221,-1.4382751,208417.298062705
54.9682622,-1.5172584,779626.508592628
54.9687654,-1.4762831,465592.625061981
54.9941508,-1.4264151,454658.553842455
54.9694145,-1.4216924,936539.772711694
54.9497061,-1.4581747,136622.763006017
54.9386996,-1.4575789,955835.036025383
54.9186501,-1.5212903,719236.249802634
54.8912327,-1.512926,164349.295478314
54.9207294,-1.7745068,566556.958644651
54.9666675,-1.6403502,132703.896216117
54.9647454,-1.7774094,1140340.4320823
54.9751449,-1.8193302,1056006.9904197
54.9581176,-1.852543,171117.991232313
54.9568358,-1.9350079,316099.756979384
54.9339443,-1.9884194,267107.564210892
54.9775064,-2.0192317,772573.683364317
54.9643813,-2.1425205,151723.474636674
54.8948424,-2.3303522,1159011.21564675
55.1590758,-2.3533592,196294.533461332
54.947369,-2.4597954,629723.063856363
54.9989471,-1.6972185,667980.426247232
54.9787544,-1.5588988,534407.885139808
55.1893329,-1.8824137,220449.304929934
55.154565,-1.6104728,691764.725651592
55.1827786,-1.5638779,1000768.89938209
55.1861026,-1.5192642,584022.29771018
55.3209829,-1.9474628,262624.241504818
55.4337185,-1.8157249,1179847.993562
55.5343979,-1.7524612,381100.75017903
55.5742642,-1.6779382,645891.729439609
55.6013023,-1.7287647,291859.60078612
55.0006019,-1.5738654,1184106.46175034
55.5996704,-1.8410999,160705.221025273
55.5404418,-2.0761587,163916.736841202
54.9560252,-1.6123158,222608.77888184
54.9233689,-1.5830224,480239.319056273
52.9570736,-1.1527606,324650.826910511
52.8940759,-1.2795216,542931.100144051
52.8787211,-1.209377,932264.617434703
52.8912108,-1.0209505,898282.80704096
52.9353113,-0.8716602,855161.665030755
53.030622,-1.0387714,311802.332871594
53.0506885,-1.1915682,187012.09728606
53.0281456,-1.2921158,379382.141144015
53.1146653,-1.2452391,275651.762099005
53.1313819,-1.1887062,823019.625176676
53.1794805,-1.2226636,146661.830786616
52.9277802,-1.1294491,1106903.80197484
53.2230592,-1.1735313,378332.133591175
53.159191,-1.0944683,326220.578816719
53.1924763,-0.9813566,792294.071870856
53.1505731,-0.8278992,230223.317816854
53.0755403,-0.7878257,280875.57842955
53.0742426,-0.9645008,212722.47703746
52.9707007,-1.1312102,304899.962665513
52.9046317,-0.6328898,353857.062989846
52.9795428,-0.6721892,329969.893977977
52.8300224,-0.5440818,340869.46642492
52.9165363,-0.3466441,917791.470442899
52.9819039,-1.0811233,982423.315942287
53.0082167,-1.1390803,1128612.12254502
53.0022897,-1.1958085,136113.411746919
52.9380183,-1.1803846,249367.428966798
52.9645261,-1.2131487,779196.328227408
52.9213513,-1.2365254,363355.024484918
52.2383888,-0.8836495,651537.580695003
52.2853724,-0.5944559,162201.554863714
52.2064599,-1.1926479,217357.073561288
52.1233778,-0.993005,582549.23641216
52.0372632,-1.1364627,724086.515326053
52.4236674,-0.6096973,316735.345404595
52.3752358,-0.700568,176208.320842125
52.407107,-0.7136596,1038534.9688353
52.5195491,-0.6241255,981131.588015705
52.4711131,-0.702998,230731.378262863
52.2675424,-0.8937801,441871.446929872
52.2531611,-0.6547537,734079.926996492
52.2626319,-0.8384495,756150.908418931
52.1985366,-0.8854403,933884.466718882
52.2459081,-0.9421463,127010.642155074
52.336231,-0.9513772,750553.574576043
52.2097655,-0.8001749,984199.107484892
52.3061086,-0.6927036,381542.315566912
52.3281502,-0.5465051,886408.734484576
50.5718857,-3.9206884,122919.1852035
51.5751276,-3.0611702,316785.616171546
51.6524582,-3.126106,1168185.75547077
51.6931808,-3.180964,424635.083507746
51.7366187,-3.1355701,728908.505127765
51.7111303,-2.8943646,679425.383359194
51.6726144,-2.7406071,1028127.191565
51.6155435,-2.9218789,151363.92377317
51.577679,-2.9615551,965072.293998674
51.5869182,-3.0124771,126028.789021075
51.7753164,-3.266105,721672.36728128
51.7984543,-3.1930202,445701.022236608
51.7179418,-3.2404717,678426.083503291
51.7989916,-2.7530769,757250.699354336
51.5975456,-2.7954108,470951.772131957
51.7073465,-3.0443511,483612.011326477
51.6550728,-3.0261168,631434.617727064
51.8567672,-2.9850944,651795.047707856
51.8732649,-3.1636597,220795.278437436
52.04977,1.03677,384274.233621545
52.6234324,1.3077291,123936.984152533
52.7174597,1.2650769,599827.254423872
52.8464419,1.2205643,472447.646758519
52.7163476,1.3655779,412700.155260973
52.6290226,1.5119849,484234.70032867
52.5764221,1.4463773,1037533.03433768
52.5038806,1.2553385,982035.510102287
52.4526274,1.0420139,151610.653218813
52.5172255,0.9700123,1094786.15426924
52.5588213,1.0957808,1092937.35674582
52.6778961,0.9133576,1193838.25019468
52.6264095,1.2796911,282291.806046851
52.7630775,0.9661748,182769.739674404
52.8495284,0.8689518,273864.609608427
52.8979048,0.8516687,285923.299170099
52.9461326,0.8594404,736740.44131767
52.8587229,1.0574434,101541.220839135
52.9336685,1.072928,1002193.04091297
52.9378925,1.1930158,377176.620764658
52.9151074,1.3184598,324476.381461136
52.8441994,1.4225033,1188599.42124691
52.7023204,1.6296304,274089.334020391
52.6476395,1.2932064,1043116.28295109
52.6165011,1.6497811,638196.56027481
52.5734526,1.6723925,700180.956581607
52.5091012,1.6936378,343687.698128633
52.445165,1.6897288,708063.178905286
52.414433,1.6002437,1148207.29910862
52.4700759,1.4158514,870503.214723431
52.6000438,1.247209,361856.864555739
52.6483045,1.2306081,586395.852500573
52.6691473,1.2816722,1170995.68524864
52.6363999,1.3428171,284176.127309911
52.6807497,1.1944691,740335.862105712
52.6231103,1.0733882,300176.52285751
55.378051,-3.435973,1051787.05197759
51.5306872,-0.146932,391143.899899907
51.5410229,-0.2530945,107747.95957841
51.5832162,-0.1944106,183816.920756362
51.5621085,-0.2296683,930175.461294129
51.5516894,-0.1706111,763748.996658251
51.5831523,-0.2298416,637436.510832049
51.5543545,-0.1441111,276262.383791618
51.5437594,-0.1970833,228839.502669871
51.6147069,-0.2419314,352732.812170871
51.53328,-0.1734435,499610.431981273
51.5963128,-0.2529809,866498.114704154
52.179786,-0.0809652,447215.143940412
53.5642772,-2.0906458,763077.157642692
53.5915883,-2.227736,285056.309448555
53.6139499,-2.1899779,582949.566468596
53.66277,-2.187286,735628.351033665
53.7060849,-2.1907556,852758.890739642
53.6969038,-2.0975089,192152.402619831
53.642995,-2.0801993,379439.244000241
53.6045471,-2.1101788,109062.538994476
53.5720996,-2.1076775,1092047.51399811
53.557788,-1.9949813,1018035.77926476
53.5403505,-2.0658464,224841.958261095
53.5191832,-2.0380276,298760.580806993
53.507703,-2.0764946,266951.087443158
53.4935691,-2.1114742,517826.235177927
53.5178203,-2.1166265,386024.766718037
53.5389679,-2.1445416,544841.580605134
51.0824009,0.6962135,226180.23972027
51.7239721,-1.2751145,1015689.54053801
51.614898,-1.1193481,129893.224220723
51.5713463,-1.2621212,631099.412008189
51.5697031,-1.4069794,913545.397133566
51.6862059,-1.3521783,858192.873978987
51.6555466,-1.2659382,213653.429364786
52.0340664,-1.4306458,857291.453098878
52.0668556,-1.3462151,258049.733610824
52.1199935,-1.3364792,254035.112820566
51.7363459,-1.5616434,244147.633621469
51.7710968,-1.3076558,515786.685445346
51.8761226,-1.3614327,577504.710177891
51.9194877,-1.2657848,1171184.08121169
51.9048141,-1.1493204,949079.422815703
51.9521009,-1.1817751,1126083.62920582
51.7848307,-1.4849675,523513.664957136
51.7803809,-1.4176563,156797.978212126
51.7721343,-1.2105434,493866.269430146
51.7728588,-1.1378258,291548.114526086
51.6903945,-0.9174937,592979.221045971
51.7246123,-1.2145364,215045.022941194
51.6991593,-1.1227369,1071548.7772366
51.6476695,-0.9881953,881935.251667164
51.8665116,-1.2755645,538602.574612014
51.9058819,-1.5220969,583001.896645874
51.731977,-0.9911895,452619.825978763
51.7454727,-0.458619,1038155.83654214
55.8428646,-4.4151968,112517.051654868
55.8334777,-4.5954642,284195.701568387
55.8614498,-4.5928661,189745.037746616
55.8149237,-4.6442715,1055111.24937329
55.8802644,-4.6855278,332834.957097657
55.922134,-4.610835,403520.010132343
55.9398071,-4.7334292,454130.098293535
55.920014,-4.8121456,599813.059065491
55.8570426,-4.8530142,609837.775002234
55.8815227,-4.8687091,1145178.56268212
55.9494758,-4.8437159,231607.342464849
55.8225468,-4.4377529,619982.66717419
56.1605798,-4.9467318,461243.222164921
56.2647971,-4.8600916,400150.096183643
55.8605291,-4.4663692,1108725.53698719
56.5368667,-4.788139,1012041.09704122
55.8848268,-4.4110419,918772.957078181
55.8256754,-4.5050142,710789.633542299
55.8799928,-4.5439827,846506.007225253
55.9090661,-4.5117404,929173.139552586
55.9054065,-4.4590537,946683.424012735
55.8018965,-4.545479,459509.916044772
54.5612655,-1.352586,562777.363928035
52.5850064,-0.2321595,1193669.6787132
52.809263,-0.3700527,244466.321286745
52.8097136,-0.1723571,579584.476677701
52.831256,0.0492232,575163.240032271
52.6813835,0.073453,230740.823224187
52.6384423,0.2203393,951005.827914923
52.5105,0.0730004,837979.893526062
52.4571903,0.0607092,797870.32448221
52.2546738,-0.265726,952642.270550132
52.547491,-0.2991586,451160.342805088
52.9384361,-0.1236279,772793.4532566
52.9707008,-0.0123637,976928.901136853
53.0673879,0.0248174,525185.827771202
53.1749622,0.0498415,1026624.65081085
53.153128,0.274513,785063.629737124
53.1637311,0.3372381,889506.794745103
52.4678036,-0.1215391,256685.814913362
52.3293956,-0.0604297,1190074.34986997
52.3824294,-0.2183099,219796.034158207
52.329272,-0.1815098,349050.994752906
52.5849005,-0.2811714,303068.096819334
52.7770134,0.4067315,692257.884889841
52.8510897,0.6192007,880261.985771358
52.7223261,0.6659488,710588.598111644
52.6377315,0.4662859,762426.913366653
52.7237619,0.3195643,852337.226155214
52.8275216,0.5036484,399558.740388602
52.9264606,0.5584653,282949.910196476
52.6367915,0.6638899,534393.145795912
52.5526385,0.3666309,413854.584470391
52.6116437,-0.2630403,1119929.2257661
52.5793826,-0.3485725,410605.717031285
52.6385232,-0.1712918,815298.256347887
52.5103197,-0.2193207,1143748.57842922
52.4883776,-0.439258,774134.212103672
52.6804886,-0.467008,590652.2894511
56.4664973,-3.5379311,1008429.51855157
56.7383895,-3.4540706,214203.20100151
56.7216049,-3.2414654,1161951.07831154
56.5779275,-3.149238,1183284.58671458
56.5409088,-3.2788907,784371.853806078
56.4645704,-3.1950931,1049397.45832235
56.5586931,-4.1832225,275450.121983886
56.7026775,-3.9023538,788864.110526629
56.7078701,-4.4206843,810255.665052682
56.8098274,-4.0706926,690895.952610299
56.9147523,-4.3018454,1094313.02824523
56.357329,-3.4341242,1102153.21872383
57.0707564,-4.3585435,671403.688169084
57.0830203,-3.9902395,641157.958004624
57.157111,-3.7859542,810508.88877362
57.2795025,-3.8501513,305950.324935839
57.2597718,-3.7546118,515613.813814707
57.2075233,-3.60869,1068519.94425524
57.3643362,-3.661419,290236.475807615
56.3041528,-3.7244327,486562.364920974
56.788462,-4.6801214,403294.960712083
56.9676361,-4.7122843,418273.066356778
57.1304249,-4.5859849,466401.50283929
56.9580975,-4.9589859,875363.460741937
56.246174,-3.7906383,358442.103560083
56.6213954,-4.9263659,1093576.02775563
56.3112134,-3.8596914,806114.197545685
56.7131592,-4.8819775,126645.426056348
56.3820954,-4.095113,507282.497128472
56.3915878,-3.7966098,506420.990289189
56.5274145,-3.7561047,119693.080126308
56.6535675,-3.6685789,1148566.39818754
50.3717827,-4.1685546,1070913.9773855
50.339168,-4.2127589,882228.377135471
50.3771802,-4.3045121,1033297.44350631
50.4559665,-4.2734403,776635.293848813
50.3545807,-4.4919521,1161378.07844207
50.4682411,-4.497783,642713.365750387
50.6370395,-4.4253319,369471.711083315
50.6956053,-4.2479691,540854.432363994
50.5366105,-4.3352117,361241.823621094
50.5146659,-4.2268251,1180958.13994296
50.5850423,-4.1447391,134182.000393048
50.392801,-4.1593983,1016741.11678731
50.5076098,-3.985755,1023959.46702454
50.3856006,-3.9195983,911535.151931457
50.4114704,-4.6248516,210007.300111465
50.3439074,-4.6322881,1142440.69203269
50.3663874,-4.7165204,987414.900655858
50.3438302,-4.7623091,536099.53513369
50.3916421,-4.8574446,454958.784161136
50.5042938,-4.889476,514251.946331933
50.5206739,-4.9924488,920501.705654897
50.584427,-4.8345912,1027527.71466039
50.3914219,-4.1254517,126898.858766071
50.5428604,-4.7088543,474932.381534018
50.4751491,-4.716163,648341.051628813
50.6391835,-4.6375577,1187462.1941708
50.6194562,-4.7404897,988643.961912021
50.6558371,-4.7403854,830648.738774471
50.6849173,-4.6638992,767833.983665332
50.3735195,-4.1197593,186309.928772971
50.4236868,-4.1639743,138470.328878611
50.4513924,-4.1127625,992675.182712264
50.4234714,-4.0228244,530326.008377597
50.3411238,-4.0110517,113244.249392301
50.3484438,-4.0977182,207046.294747852
57.6349614,-3.2220342,845053.073647432
50.8015465,-1.0901955,754352.314816788
50.8472228,-0.919424,628193.582501262
50.7947565,-0.9760187,258006.307738833
50.7932769,-1.1396104,1054842.72746835
50.813719,-1.1756053,1024660.30246578
50.8288956,-1.2173211,892909.376253374
50.8705044,-1.2191283,628746.04742974
50.8554362,-1.1656132,283798.431558535
50.8920329,-1.149505,265050.840517506
50.905287,-0.8102939,833158.451039344
50.8378355,-0.7792403,692664.504842833
50.814623,-1.0819254,388533.094432205
50.7804529,-0.8066961,517345.419339836
50.7862178,-0.7197535,241446.632845327
50.8125833,-0.6565915,400875.791301951
50.8252351,-1.0589248,687022.133916616
50.6927176,-1.3167103,483676.649304107
50.7447497,-1.3074219,382833.171938546
50.740009,-1.266172,142736.598034389
50.7044731,-1.1885618,766320.338333026
50.7129767,-1.1159275,864028.887613676
50.6793881,-1.1000253,627915.682992898
50.6629731,-1.1868066,652875.059749931
50.6266238,-1.1910982,165474.554616958
50.6102811,-1.2661686,883403.997449204
50.6716479,-1.5532678,898570.110020228
50.7914739,-1.0547295,855167.771293782
50.679928,-1.5155116,812654.190929607
50.696309,-1.4517564,1192783.12497772
50.785956,-1.08959,940646.207192913
50.8459298,-1.0714185,430231.212335639
50.9135267,-1.0798755,959651.258843951
50.9351858,-0.9867823,693025.380326435
50.8727127,-0.9845861,720230.237604119
52.978797,-1.1420906,290234.693512321
53.7552332,-2.7074311,1070641.1199877
52.9783698,-1.145917,1153304.48949244
53.7883395,-2.6839306,573073.404934257
53.690561,-2.6876804,848625.502339564
53.672357,-2.7726449,1119339.82719202
53.8586685,-2.6975716,328226.667805575
53.7682348,-2.8494593,253834.914113395
53.7409073,-2.6191543,801136.447838508
53.6876279,-2.574087,845589.736616239
53.631495,-2.6619068,967537.285992876
53.6233063,-3.0082015,1076367.11716186
53.668549,-2.9327595,278746.050572954
51.5951505,-0.1251525,289614.735194482
51.4532644,-0.9634222,549130.492517725
51.480483,-0.8390431,487269.512540661
51.4023364,-0.7476302,898536.879010499
51.4077888,-1.320738,1145498.17107618
51.4424278,-1.4969925,817192.026157863
51.4558726,-1.2448998,713587.350538
51.3719253,-1.2411635,683906.028140336
51.4114662,-0.9381453,891320.313885808
51.40164,-1.398533,243642.193730921
51.26338,-1.0875079,376596.763706766
51.2421078,-1.1223354,648020.888748579
51.2678732,-1.1650381,903865.565964952
51.2845416,-1.0645399,750756.060122512
51.2356138,-1.247041,391747.835488059
51.3203643,-1.1552965,664406.769489869
51.3224643,-0.9173493,943096.862453967
51.2451623,-1.3309831,914332.058327273
51.2279277,-0.9497641,158895.538980141
51.431865,-1.0104255,863517.884421162
51.4630507,-1.0474312,292327.277478762
51.5003874,-0.9829914,796199.093922041
51.3966564,-0.8127657,420194.962830283
51.4120147,-0.8667241,554990.760888904
51.4389598,-0.7664352,670950.796152465
51.3706314,-0.7823496,438782.926392742
51.4538291,-0.8918602,396483.697067015
51.4325531,-0.9269313,368292.097444646
51.4047111,-1.1109494,292858.768743463
51.4887057,-1.1142964,194819.87375766
51.5744743,-0.9256661,764076.578128152
51.8314936,0.5596289,1114303.11114527
51.2317014,-0.1279005,539329.603570513
51.1166733,-0.1157821,1183792.63281822
51.1060757,-0.2201444,232921.82481382
51.0848403,-0.3594367,644133.341079578
50.9909525,-0.3466358,1018451.51123125
51.0321824,-0.486717,1093308.96416213
50.9601188,-0.126666,692408.857517876
51.0070782,-0.0864711,818914.410308935
51.0330817,-0.1616907,345557.16351606
51.0853862,0.0346662,486744.708404876
51.1062773,-0.0346921,601286.025345325
51.2315628,-0.2211337,1188066.78003166
50.9487593,-0.4852702,251491.221156903
51.2314655,-0.267818,1104280.78116383
51.2260342,-0.3437115,872047.523525544
51.1580214,-0.3487098,190049.449633807
51.1688671,-0.1741035,198136.879480444
51.1899139,-0.0115958,195227.350411005
51.252709,0.0116219,139506.854605861
51.2317567,-0.0580941,314433.675585315
53.5450955,-1.7334972,521945.633366704
51.5911329,0.1797061,1095028.85069232
51.541188,0.1587657,318724.54113327
51.572652,0.2179462,755418.695975095
51.5516327,0.2059849,857845.026487485
51.5201044,0.1939714,491287.409793586
51.5462421,0.2708525,522300.289641134
51.5094267,0.2763927,519909.9319987
51.5040006,0.341243,756950.634485111
51.4803807,0.3321062,772848.300007172
51.4670569,0.3938894,318255.315208808
51.4779517,0.2525233,812963.184434921
51.5858322,0.2032852,212534.308759496
51.4778987,0.2760807,677566.244988702
51.6094779,0.2241461,508692.783419974
51.6516831,0.177139,1067922.06217069
51.60432,0.1591254,513312.29689531
51.5832989,0.1354161,835427.820309997
51.5727465,0.1589453,1069491.79999065
51.5596346,0.1264657,953685.877821408
51.5412174,0.135212,958013.238548301
55.378051,-3.435973,1108233.05363301
53.3788422,-1.4730092,1019016.00940619
53.3642515,-1.559366,316124.559543096
53.3537976,-1.5329474,789002.919290215
53.3445923,-1.4035428,536390.610923991
53.3664677,-1.3789014,620032.283826731
53.3467907,-1.4455136,1119955.52505832
53.304856,-1.5624405,524213.390145451
53.2839612,-1.5097404,618041.706620716
53.3657082,-1.4432875,744875.696557574
53.3289338,-1.3577301,1138113.97261452
53.3021945,-1.3371476,866932.519152761
53.3521567,-1.2047133,1059638.07299268
53.3513565,-1.2817029,660826.458130032
53.3950303,-1.473879,281085.097882897
53.3144218,-1.6533507,741865.608026274
53.3992318,-1.7622544,1033807.61074368
53.4565905,-1.5192728,591688.269400038
53.4863718,-1.7157843,884227.779763751
53.4007422,-1.4483598,162650.808785111
53.2361955,-1.4493269,250860.927370377
53.2633585,-1.431493,834022.420155816
53.1984311,-1.4537451,566525.793960318
53.2642556,-1.3545347,240143.791632727
53.2217363,-1.3012444,185193.64206586
53.1550704,-1.4770571,1173177.69592628
53.4195167,-1.459042,796364.513924345
53.4123874,-1.5944729,392776.138684712
53.4152585,-1.36201,803473.646007478
53.4578584,-1.4158164,269736.502273008
53.4745905,-1.3714239,1131645.47644556
53.5238829,-1.3156581,414072.1389791
53.4970671,-1.2949917,199317.332915962
53.4430417,-1.2924409,995175.947644748
53.4166541,-1.2332734,211135.510448366
53.3515501,-1.4973367,777837.07822673
53.5275621,-1.4648072,1085845.85732315
53.5656511,-1.4473647,1141610.2389805
53.5882051,-1.3706371,559407.290932722
53.5175244,-1.3994723,160393.266845495
53.4952897,-1.4501267,846637.276513502
53.5643515,-1.5512768,203797.359182499
53.3330347,-1.4673305,1047904.92777247
53.2768025,-1.1886185,198645.63040901
53.3531449,-1.1022252,719145.688507706
53.3930708,-1.4124741,275267.051137052
51.6291204,-3.9065562,460686.715762131
51.7189378,-3.7407588,643947.934731841
51.7322396,-3.6535186,1145220.40346637
51.6114445,-3.8024402,1050920.13499234
51.6138713,-3.7266661,936299.27681759
51.7491284,-4.1026654,505062.683555298
51.7464323,-4.179257,1113627.64760852
51.6997992,-4.3006036,119453.292130493
51.7637762,-4.2847554,682593.558588997
51.8065365,-3.9699826,283242.825907655
51.9988283,-3.9201872,457022.93489594
51.619373,-4.0389238,855012.207571417
52.0241383,-3.7949369,1169864.14773855
51.5875865,-4.1937843,861274.030222557
51.8529551,-4.3049852,541102.698235773
51.9276391,-4.1420142,112351.851910353
51.8742523,-4.4441915,619380.586105399
51.8683083,-4.5989499,1059893.2826193
51.9706147,-4.5572716,346385.810454376
51.9553015,-4.6101267,693885.307200253
52.0067577,-4.5827851,1074919.99224294
52.0428835,-4.4712795,839645.55284474
52.0083357,-4.2577526,220379.66735661
51.6878379,-4.0424796,1179475.99915788
52.0854714,-4.1786276,1169647.82103896
51.9905786,-4.7237748,703135.577542707
52.0124418,-4.8388626,1110834.80163943
52.0790814,-4.6340228,694237.851304933
52.0889987,-4.3743375,894409.522600472
52.2007036,-4.3723796,599165.083444677
52.2316689,-4.2529809,486459.510936402
52.1874611,-4.2984119,759235.77984795
52.1405893,-4.1219213,604104.901687242
51.7114515,-3.9692056,329519.730596803
51.6921373,-3.9154108,274485.287093557
51.7949697,-4.9705194,701478.926767595
51.8900045,-4.8502065,977238.680142909
51.9731448,-4.8909763,1040313.76920175
51.9042325,-4.76127,643490.274646319
51.7880339,-4.7543851,868556.174286641
51.7229299,-4.7951548,639360.707462765
51.71057,-4.7087583,455593.721033074
51.6669234,-3.8800188,415295.781637542
51.680959,-4.7879214,122753.790812567
51.6414768,-4.9756075,126851.402688771
51.6927154,-4.8872771,1189297.34595586
51.7358644,-3.8704981,1155262.91418355
51.813231,-3.7662305,220118.469791487
55.378051,-3.435973,907101.716334
51.4992073,-0.0880061,864649.638347328
51.4808496,-0.002929,594653.133116663
51.4913023,-0.1144069,988775.860983878
51.446708,0.0175553,804752.000700682
51.457212,-0.0058533,232020.227215253
51.4755879,-0.0439457,822710.927482694
51.4703269,-0.0615237,317508.261231706
51.4992331,-0.0410495,433414.3148968
51.4873809,-0.0923715,332938.628341071
51.4781982,0.0762053,112792.977294885
51.4178045,-0.0848223,895335.783693008
51.4886779,0.1114596,682844.885019585
51.4125706,-0.0613966,315671.241097152
51.4388026,-0.0848861,149539.391999133
51.4545635,-0.0732101,115389.356645755
51.4440733,-0.049752,498828.405933455
51.4545416,-0.1025253,316789.03400898
51.396821,-0.0730589,243991.533084773
51.4283202,-0.0555772,994616.072066128
51.4282887,-0.102429,681302.320351824
51.5018231,0.1026991,974308.800790459
51.4677153,0.0175685,617147.275595926
51.4598337,-0.0322047,254746.51218392
51.475561,-0.0908654,763024.082686752
51.4362068,-0.0175487,210303.617524914
51.4887271,0.0293065,288581.869076006
51.4808467,-0.0263676,589499.188447371
51.4414439,0.0585316,496739.031327888
51.6104888,0.2112224,744520.733458921
51.9049501,-0.202641,150487.027829513
51.8416784,0.0831493,693273.109383881
51.8839733,0.0356722,987159.77682732
51.8205815,-0.0118608,570755.472150631
51.757197,-0.1066085,139850.912382826
51.8205337,-0.1068512,762635.315652005
51.9947586,-0.2692496,277077.021053992
52.0158809,-0.2934774,260518.273548223
52.0316229,-0.3477692,1114379.4094678
52.0848307,-0.2641049,1111879.64286655
52.1379812,-0.2043473,682450.814126059
51.9050513,-0.1310251,320429.883734323
51.8574301,-0.1724933,198967.178864405
51.8731173,-0.2621013,524785.354291089
51.9576071,-0.3108501,336901.584081352
51.9736851,-0.2211072,864726.802590303
52.0002413,-0.1673923,697281.774762087
52.0639148,-0.0478776,386501.405341551
51.958014,-0.0238419,804018.018767238
51.4838241,-0.6165952,929573.776945472
53.4091435,-2.1474834,545820.812159218
53.3070578,-2.1199552,893292.700359598
53.2209048,-2.1133125,837292.88643226
53.3453548,-2.090305,790437.619877048
53.4832047,-1.9241967,769106.168835424
53.4488617,-2.0393392,709381.359280087
53.4925033,-2.0164039,685847.300640307
53.4750688,-2.0871195,447935.416107066
53.2252048,-1.8544423,482171.852188185
53.3960652,-2.1235782,524223.094549961
53.3854133,-1.9564079,858777.121081948
53.3097218,-1.9640088,1179048.33280481
53.3978828,-2.1727646,937678.454769775
53.4192235,-2.1875535,576059.380103834
53.4307262,-2.1491752,745117.494021542
53.4052412,-2.0622121,829742.170777172
53.365762,-2.1571527,118806.115584448
53.3808639,-2.217204,1064350.71120504
53.3156958,-2.2380617,1113924.87755511
51.5486985,-0.0762242,751339.556812309
51.5244279,-0.5072174,1127947.22651597
51.539466,-0.6560172,167216.731747612
51.5450105,-0.6026154,1086536.71662323
51.4822815,-0.5301374,370927.179930732
51.4606771,-0.6482351,1043554.49068826
51.397417,-0.6941449,1163520.05188819
51.5337514,-0.7332794,1076660.93900334
51.5859578,-0.7943837,979991.217143834
51.5707454,-0.7044304,414209.554740228
51.5873258,-0.5559229,857997.222570702
53.804028,-1.7727494,857016.035844572
51.3730779,-0.1929528,1093453.99700105
51.3415952,-0.2044415,115435.918630101
51.3704091,-0.2193038,709914.401569404
51.3940417,-0.2048255,833710.64371895
51.3600068,-0.1665174,1047522.72954211
51.3626561,-0.1460505,1189902.97343116
51.3206481,-0.1925912,750814.114441164
51.6409465,-3.9768175,795648.995484225
51.5487433,-1.7880953,143522.819224745
51.3094789,-1.9724707,516855.010250583
51.4352589,-1.9813732,596869.11420431
51.3800535,-2.1357083,319597.986200824
51.4206371,-2.212127,100046.642147936
51.4728629,-2.228522,397199.129709043
51.4755518,-2.081894,570843.010535464
51.6016382,-2.0913264,480997.635377571
51.5695834,-1.8016212,123977.746185847
51.6011344,-1.8036608,573728.399863467
51.6223633,-1.7928223,123013.918590732
51.5704998,-1.7407609,419273.995864205
51.4796129,-1.8383692,678180.954768322
51.5946328,-1.8826148,868087.568157353
51.6389735,-1.7389384,683676.13228038
51.652058,-1.5569263,917266.303906217
51.397842,-1.687688,1181581.53505065
51.3125693,-1.7790721,810269.93826963
55.378051,-3.435973,849692.256911658
50.9023892,-1.3944755,820593.874924816
50.9148662,-1.4394423,940734.192496166
50.9516777,-1.4117266,1089198.37654103
50.9284191,-1.3957709,483271.93944715
50.9262671,-1.3572474,698294.36794389
50.9054426,-1.3562395,828370.374278165
51.1067881,-1.5268292,941661.246516742
51.1514358,-1.2908411,634133.139322512
51.0567799,-1.3457812,249304.179381579
51.0729045,-1.3050168,1118788.28862682
51.111123,-1.1466868,105370.685504749
50.9319461,-1.3161764,479745.443467982
50.8489411,-1.2887451,389539.401559159
50.9854335,-1.1887263,857919.509988278
50.8982806,-1.5155075,356776.842242107
50.7728844,-1.5559293,516636.632592417
50.8156677,-1.4638415,746128.467284143
50.9072598,-1.6227269,220301.445876248
50.816809,-1.3696178,788704.775017686
50.9736202,-1.3181349,621036.684443243
50.9816023,-1.5200195,1081524.49247427
50.9775118,-1.4308073,151190.450275317
50.9885041,-1.3839546,641903.097787872
51.0770648,-1.782124,952587.992371991
51.2170649,-1.4909523,781541.361939162
51.2746985,-1.4880323,804326.440370642
51.0708272,-1.8476498,240079.799573869
51.0987347,-2.0540131,451408.764394
51.1870058,-1.7711005,760612.991871312
51.0199649,-1.7605627,294975.503720343
50.9358826,-1.8029744,273058.326262981
51.0126821,-2.192139,130666.046822444
51.0210233,-2.3014215,170878.315670416
51.225103,-1.6712808,771447.234065272
50.7795321,0.1059086,1015294.04949397
54.9066376,-1.3741416,1191567.39290338
54.8818482,-1.376277,824480.815604329
54.8759602,-1.4099685,448905.106401071
54.8920597,-1.444844,222002.790542319
54.9250654,-1.4466148,1164071.59992959
54.947867,-1.3796534,368543.252535164
54.8322914,-1.3805356,141752.456268296
54.7666675,-1.3501101,593759.902496822
51.4494,-2.6101966,414837.844180875
51.5472009,0.6829892,1062336.60175931
51.5362863,0.7482454,680172.441690229
51.6241407,0.5626135,508212.953875773
51.6033027,0.5145994,836109.278188087
51.5717312,0.5140172,544923.913222738
51.5824037,0.4785757,880042.034806684
51.5825872,0.4311013,612957.747583278
51.5454589,0.5075998,852890.310110524
51.5246227,0.459813,120224.835700355
51.5602255,0.7041648,709503.372106701
51.5649155,0.7937847,797974.089207128
51.6073199,0.7471653,109009.587485343
51.6078874,0.6516639,489548.553177156
51.5923837,0.597685,469348.112307489
51.5661671,0.5792812,367831.550701521
51.5240993,0.5784085,245577.541552484
51.5657939,0.6506812,615493.702283129
53.0287809,-2.1728159,140792.270097882
53.0085733,-1.9426054,217061.809799634
52.9529912,-2.0542486,1011223.31060469
52.9454617,-2.1759088,823356.258473359
53.0936375,-2.0002131,121239.992324263
52.8807051,-1.8824628,804719.119030051
52.9082946,-2.1536839,659103.206265718
52.8176047,-2.1273888,828113.178233616
52.7807185,-2.0925699,1194877.86823884
52.8353395,-2.0326986,519783.755531535
52.7042688,-2.1761134,356461.590854451
53.0322212,-2.1311185,943247.626605444
52.7983349,-2.2990177,1064447.05759641
52.8735146,-2.2924179,650164.764095098
52.9735444,-2.1072624,1028787.4101894
52.9721537,-2.1844658,222870.829049498
53.0031371,-2.2515095,929346.722154878
53.0580105,-2.1912914,1127643.7696768
53.0780379,-2.2706088,1190592.14033186
53.1229427,-2.1705473,660103.232460096
53.0383871,-2.0864257,320176.991936751
55.378051,-3.435973,261810.051929206
51.4859582,-0.1849112,611758.248251863
51.4675936,-0.1700978,267658.654577099
51.4439889,-0.1494105,1166722.54737932
51.4779764,-0.2407488,855163.881694898
51.4647869,-0.2671196,482509.602396749
51.456966,-0.2405677,946933.991578408
51.420389,-0.1287668,665929.582156241
51.4334645,-0.1669558,279694.371251389
51.4465501,-0.193461,811360.44380255
51.4255297,-0.2050566,564072.06072472
51.5031092,-0.1306184,801046.363683417
51.4984999,-0.1401487,102111.474657431
51.4998222,-0.1328072,862820.032192394
51.4952265,-0.1305815,552668.633218855
51.4899617,-0.1393712,447446.353919804
51.4925745,-0.1511404,250936.380261555
51.4978216,-0.157049,1117546.48955539
51.5077038,-0.1343147,1071997.95201886
51.4466449,-0.1230218,250570.035981946
51.4149653,-0.2402062,642446.462996304
51.4859846,-0.1672702,782819.68026422
51.4597574,-0.137753,100793.751701713
51.4925144,-0.1923088,347793.982271105
